"native.id","latitude","longitude","lambert.x","lambert.y","state.plane","county","em.nox.s30000","log10.m.to.a1","log10.m.to.airp","log10.m.to.comm","log10.m.to.ry","log10.m.to.rr","log10.m.to.truck","log10.m.to.main.cityhall","log10.m.to.road","m.to.main.cityhall","ll.a1.s00500","ll.a1.s00750","ll.a1.s01500","ll.a1.s03000","ll.a1.s05000","ll.a23.s00100","ll.a23.s00150","ll.a23.s00300","ll.a23.s00500","ll.a23.s00750","ll.a23.s01500","ll.a23.s03000","ll.a23.s05000","tl.s00750","tl.s01500","tl.s03000","tl.s05000","tl.s10000","tl.s15000","pop.s01000","pop.s05000","pop.s10000","log10.pop.s01000","log10.pop.s05000","log10.pop.s15000","log10.calinemod.lt.a01500","log10.calinemod.lt.a09000","log10.m.to.interchange12","log10.m.to.interchange3","log10.m.to.intersect","intersect.s00500","interchange3.s01000","intersect.s01000","interchange12.s03000","interchange3.s03000","intersect.s03000","log2.intersect.s00500","log2.interchange3.s01000","log2.intersect.s01000","log2.interchange12.s03000","log2.interchange3.s03000","log2.intersect.s03000","ndvi.q25.a00250","ndvi.q50.a00250","ndvi.q75.a00250","ndvi.q25.a00500","ndvi.q50.a00500","ndvi.q75.a00500","ndvi.q25.a01000","ndvi.q50.a01000","ndvi.q75.a01000","ndvi.q25.a02500","ndvi.q50.a02500","ndvi.q75.a02500","ndvi.q25.a05000","ndvi.q50.a05000","ndvi.q25.a10000","ndvi.q50.a10000","ndvi.q75.a10000","imp.a00050","imp.a00150","imp.a00300","imp.a00750","elev.elevation","elev.1k.below","elev.1k.stdev","elev.5k.stdev","elev.1k.rbelow","elev.5k.rbelow","rlu.dev.open.p00050","rlu.dev.open.p00150","rlu.dev.open.p00300","rlu.dev.open.p00750","rlu.dev.open.p03000","rlu.dev.open.p05000","rlc.dev.medhi.p00150","rlc.dev.medhi.p00300","rlc.dev.medhi.p00500","rlc.dev.medhi.p01000","rlc.dev.medhi.p03000","rlc.dev.medhi.p05000","rlc.dev.openlow.p00050","rlc.dev.openlow.p00150","rlc.dev.openlow.p00300","rlc.dev.openlow.p01000","rlc.dev.openlow.p03000","rlc.dev.openlow.p05000","rlc.anyforest.p00050","rlc.anyforest.p00100","rlc.anyforest.p00150","rlc.anyforest.p00300","rlc.anyforest.p00500","rlc.anyforest.p01000","rlc.anyflat.p00300","rlc.anyflat.p00500","rlc.anyflat.p01000","rlc.anyflat.p03000","rlc.anyflat.p05000","rlc.openbasic.p00050","rlc.openplus.p00050","rlc.openbasic.p00150","rlc.openplus.p00150","rlc.openbasic.p00300","rlc.openbasic.p01000","rlc.openplus.p01000","rlc.openbasic.p03000","rlc.openplus.p03000","rlc.openbasic.p05000","rlc.openplus.p05000"
"W002",36.0259,-80.3423,1398612.37745,-207653.34867,"NC","Forsyth",2395,3.50188049375506,4.20604290109252,3.37254380075907,4.33679983134811,2.26007138798507,3.49941212567228,4.07103467505415,2.31175386105575,11777,0,0,0,0,16235,0,0,429,889,1452,4440,13771,38112,0,0,0,7848,42711,84778,551,21849,103647,2.7419390777292,4.33945144130644,5.3294100841867,-0.275724130399211,-0.0177287669604316,3.73751069067348,3.51295107997249,3.16996817399689,0,0,0,0,0,12,0,0,0,0,0,3.70043971814109,154,171,191,151,170,192,152,174,197,153,176,202,151,173,151,174,197,0,6,5,9,246,11,9,12,3.3166247903554,0,0,12,14,9,15,22,0,0,2,4,7,6,44,30,29,16,23,32,22,35,31,25,35,45,46,39,35,29,25,55,55,70,82,71,80,88,71,86,61,83
"W001",36.1109,-80.2244,1407415.68518,-196580.28654,"NC","Forsyth",47002,3.03662889536216,3.38632057389405,2.92116605063774,3.88149877961498,3.06370855939142,3.03382569395331,3.38578495884334,2.20682587603185,2431,0,0,4971,22758,41173,0,0,1326,2429,4696,21449,66545,157601,0,2483,11942,24192,68927,106023,4890,61923,168597,3.68939766282128,4.79185900196779,5.41609938221295,-0.187086643357144,0.238046103128795,3.0899051114394,3.04139268515822,2.35793484700045,8,0,23,6,25,207,3.16992500144231,0,4.58496250072116,2.8073549220576,4.70043971814109,7.70043971814109,142,161,180,139,162,181,136,161,180,131,155,174,139,162,147,171,192,25,25,32,28,286,13,17,15,3.60555127546399,0,44,46,22,28,32,37,3,10,12,16,25,19,100,97,90,83,65,64,0,0,0,0,0,0,0,0,0,2,4,0,44,0,46,0,0,28,11,43,17,54
"W003",36.0924,-80.2725,1403519.49478,-199337.86449,"NC","Forsyth",46998,1.63346845557959,3.80556881754856,1.39794000867204,4.0814913285257,2.2405492482826,2,3.42683645380351,1.63346845557959,2672,1992,3002,6360,12657,52701,0,136,1037,2909,5748,16127,71479,188463,1514,3233,6370,26124,66310,103638,3425,71523,184174,3.53478735862949,4.85445179450921,5.42266533421976,0.634477270160732,0.714329759745233,2.78675142214556,2.20411998265592,2.20411998265592,6,5,20,2,16,176,2.8073549220576,2.58496250072116,4.39231742277876,1.58496250072116,4.08746284125034,7.467605550083,116,128,141,123,137,152,134,157,170,145,169,183,140,164,148,171,191,60,57,58,45,264,3,12,19,1.73205080756888,0,0,0,4,20,45,43,68,63,59,32,21,21,11,32,37,67,76,74,0,0,0,0,0,0,0,0,0,1,1,0,0,0,0,0,0,29,2,47,4,47
"W004",36.1729,-80.1514,1412673.58139,-188700.08915,"NC","Forsyth",47113,3.81424759573192,3.88918961204707,2.0899051114394,3.25743856685981,2.52374646681156,3.19228861256812,4.07696795219792,2.48287358360875,11939,0,0,0,0,0,0,0,0,1098,2545,7022,24119,44761,0,0,5088,9340,38432,92213,459,13620,73766,2.66275783168157,4.13420899293208,5.27180676868347,-0.585026652029182,-0.356547323513813,3.9507541815935,3.82151352840477,2.48429983934679,6,0,11,0,0,21,2.8073549220576,0,3.58496250072116,0,0,4.4594316186373,137,171,182,144,176,189,144,173,192,148,176,195,148,182,147,179,199,22,19,18,14,300,2,7,19,1.4142135623731,2,67,39,25,21,20,22,12,10,9,6,2,1,78,65,55,36,25,25,0,3,8,18,25,39,17,18,21,28,25,11,78,23,62,35,60,80,74,94,74,96
"W-Z1H1C",36.1066,-80.2792,1402657.46464,-197895.60895,"NC","Forsyth",46887,3.14301480025409,3.77254173264094,3.04414762087872,4.06269477334239,3.14270224573762,3.14395111642396,3.54456409749604,1.14612803567824,3504,0,0,1403,9837,37436,198,298,1337,2561,4057,16863,66276,184664,0,739,4949,17872,64445,103046,2779,70794,186239,3.44404479591808,4.85000258609246,5.41752649555007,-0.795880017344075,0.0211892990699381,3.14612803567824,3.14612803567824,2.28330122870355,4,0,12,2,9,123,2.32192809488736,0,3.70043971814109,1.58496250072116,3.32192809488736,6.95419631038687,163,189,208,164,191,209,166,192,205,152,180,193,142,167,147,172,190,12,12,12,12,288,7,12,19,2.64575131106459,1.4142135623731,100,93,95,90,56,46,0,0,0,1,12,20,100,100,100,98,82,74,0,0,0,0,0,1,0,0,0,1,0,0,100,0,93,0,1,87,5,61,5,51
"W-Z1H1D",36.1066,-80.2796,1402622.13216,-197901.78294,"NC","Forsyth",46887,3.14270224573762,3.7748817658188,3.04649516433471,4.06382105634371,3.14860265480609,3.14332712999205,3.5487578285737,1.34242268082221,3538,0,0,1392,9782,37127,195,297,1106,2512,3990,16943,65969,184050,0,732,4926,17862,64368,103008,2776,70650,186285,3.44357587975026,4.8491183132675,5.41738200171658,-0.823908740944319,0.0211892990699381,3.14643813528577,3.14643813528577,2.28103336724773,4,0,14,2,9,121,2.32192809488736,0,3.90689059560852,1.58496250072116,3.32192809488736,6.93073733756289,163,189,208,164,191,209,166,192,205,152,180,193,142,167,147,172,190,10,12,11,12,288,7,11,18,2.64575131106459,1,100,97,95,89,57,46,0,0,0,1,11,20,100,100,100,98,83,74,0,0,0,0,0,1,0,0,0,1,0,0,100,0,97,0,1,87,5,62,5,51
"W-Z1H1E",36.1066,-80.2808,1402516.13454,-197920.30399,"NC","Forsyth",46887,3.14238946611884,3.78168358450735,3.05576046468773,4.06714527888539,3.16672605558005,3.14332712999205,3.56098205558624,2.06069784035361,3639,0,0,1344,9574,36121,0,343,1029,2275,3725,17135,64939,182100,0,698,4852,17836,64154,102895,2759,70208,186432,3.44090908206522,4.84639278734069,5.41692994052587,-0.823908740944319,0.0211892990699381,3.14891099310936,3.14891099310936,2.3541084391474,4,0,12,2,8,112,2.32192809488736,0,3.70043971814109,1.58496250072116,3.16992500144231,6.82017896241519,163,189,208,164,191,208,166,193,205,154,181,195,143,167,147,172,190,11,10,11,12,288,5,9,19,2.23606797749979,1.4142135623731,100,100,95,89,58,46,0,0,0,0,11,20,100,100,100,98,84,74,0,0,0,0,0,1,0,0,0,1,0,0,100,0,100,0,1,87,5,63,5,51
"W-Z1H1F",36.107,-80.2821,1402393.69645,-197896.82564,"NC","Forsyth",46887,3.15775888604686,3.78760214618234,3.08421868673924,4.069816042572,3.19672872262329,3.15836249209525,3.57564961475522,2.00432137378264,3764,0,0,910,9130,32969,0,221,900,1666,3548,17061,64111,179731,0,479,4602,17164,63870,102758,2724,69783,186576,3.43536650661266,4.84375585946777,5.41628427308003,-0.886056647693163,0.0211892990699381,3.16761267272753,3.16761267272753,2.52504480703685,2,0,12,2,8,108,1.58496250072116,0,3.70043971814109,1.58496250072116,3.16992500144231,6.76818432477693,161,191,208,164,190,208,167,193,205,154,181,195,143,167,147,172,190,12,9,10,12,281,1,8,19,1,1,100,100,93,89,59,47,0,0,1,0,10,20,100,100,100,98,84,74,0,0,0,0,0,1,0,0,0,1,0,0,100,0,100,0,1,87,6,65,6,53
"W-Z1H1B",36.1066,-80.2786,1402710.46332,-197886.34767,"NC","Forsyth",46887,3.14457420760962,3.76908178711822,3.04060234011407,4.06103759006342,3.13065534902203,3.14519640611418,3.53832233323144,1.83250891270624,3454,0,0,1414,9913,38028,147,267,1458,2613,4128,16744,66745,185535,0,746,4984,17846,64559,103102,2781,71004,186168,3.44435712565603,4.85128893176066,5.41773567728748,-0.795880017344075,0.0211892990699381,3.14612803567824,3.14612803567824,2.31386722036915,4,0,12,2,9,125,2.32192809488736,0,3.70043971814109,1.58496250072116,3.32192809488736,6.97727992349992,162,188,208,166,192,209,164,191,205,152,180,193,142,167,147,172,190,13,13,12,12,288,8,12,20,2.82842712474619,1.73205080756888,100,92,95,90,56,46,0,0,0,1,12,20,100,100,100,98,83,74,0,0,0,0,0,1,0,0,0,1,0,0,100,0,92,0,1,87,5,61,5,51
"W-Z1H1A",36.1064,-80.2755,1402988.09396,-197860.2625,"NC","Forsyth",46887,3.15014216184856,3.75181778773688,3.03100428136354,4.05280932814056,3.05269394192497,3.14983469671578,3.50351831272407,1.85125834871908,3188,0,0,1558,10281,40672,140,263,1065,2531,4403,15756,69423,189601,0,819,5167,19458,65116,103384,2712,71862,185832,3.4334497937616,4.85650534334804,5.41884133709029,-0.769551078621726,0.0253058652647703,3.15044940946088,3.15044940946088,2.28780172993023,4,0,12,2,13,152,2.32192809488736,0,3.70043971814109,1.58496250072116,3.8073549220576,7.25738784269265,163,190,210,166,193,206,164,189,201,149,175,188,141,165,147,171,190,11,10,11,12,281,2,12,18,1.4142135623731,0,100,100,95,90,53,45,0,0,0,1,15,21,100,100,100,99,80,74,0,0,0,0,0,0,0,0,0,1,0,0,100,0,100,0,0,87,5,58,4,49
"W-Z2H2A",36.0777,-80.2708,1403949.44702,-200911.73747,"NC","Forsyth",47177,3.19284611518884,3.87691031134463,3.03302144468291,4.11780140799733,3.23426412437879,3.18298496700358,3.49886168899288,2.39269695325967,3154,0,0,0,22217,58921,0,0,342,1281,3071,16241,72127,175883,0,0,11257,29112,66025,103319,4105,65075,178704,3.61341894503457,4.81342085048308,5.42307048188522,-0.568636235841013,0.201397124320452,3.28914283593233,3.20978301484852,2.65991620006985,2,0,6,2,19,158,1.58496250072116,0,2.8073549220576,1.58496250072116,4.32192809488736,7.31288295528436,144,179,202,145,172,202,146,171,197,139,164,180,140,163,148,170,192,17,17,21,22,259,4,13,19,2,0,67,64,48,43,36,41,0,0,0,5,25,21,100,100,100,95,70,71,0,0,0,0,0,0,0,0,0,1,2,0,67,0,64,0,0,40,4,40,8,49
"W-Z2H2B",36.0777,-80.2728,1403772.71794,-200942.63431,"NC","Forsyth",47177,3.21298618473667,3.88303651002768,3.06295783408451,4.1217895688593,3.21958452621425,3.21085336531489,3.51838231554534,1.82607480270083,3299,0,0,0,22410,58782,149,269,586,1997,3472,15886,69575,173872,0,0,11377,28861,65787,103144,4002,64279,179165,3.60238559010511,4.80807586809131,5.42276050406977,-0.568636235841013,0.195899652409234,3.27508089845686,3.21722065564452,2.59769518592551,4,0,8,2,18,147,2.32192809488736,0,3.16992500144231,1.58496250072116,4.24792751344359,7.20945336562895,143,176,200,145,174,203,146,171,199,140,164,180,140,163,148,170,192,26,24,21,22,269,11,11,19,3.3166247903554,0,0,45,44,44,37,42,0,0,0,4,25,20,100,100,100,96,70,72,0,0,0,0,0,0,0,0,0,1,2,0,0,0,45,0,0,41,4,41,8,50
"W-Z2H2C",36.0777,-80.2734,1403719.69908,-200951.9026,"NC","Forsyth",47177,3.21590181320403,3.88490859416261,3.06632592536204,4.12300181330602,3.21510858105309,3.21958452621425,3.52413637659257,1.11394335230684,3343,0,0,0,22471,58715,198,299,600,2147,3545,15889,68753,173611,0,0,11421,28772,65714,103091,3972,64059,179299,3.59911856505536,4.8065869343278,5.4226440001851,-0.552841968657781,0.195899652409234,3.27160930137883,3.22036963245139,2.59328606702046,4,0,8,2,18,143,2.32192809488736,0,3.16992500144231,1.58496250072116,4.24792751344359,7.16992500144231,143,180,199,145,179,202,149,179,200,140,163,180,141,164,148,170,192,39,22,22,22,270,11,11,20,3.3166247903554,1,11,43,43,44,37,42,0,0,0,4,25,20,100,100,100,96,70,72,0,0,0,0,0,0,0,0,0,1,2,0,11,0,43,0,0,41,4,41,8,50
"W-Z2H2D",36.0777,-80.2736,1403702.02612,-200954.99196,"NC","Forsyth",47177,3.2169572073611,3.88553083318809,3.066698550423,4.12339424810553,3.2135177569963,3.22063101944809,3.52595134124801,1,3357,0,0,0,22491,58690,200,300,600,2184,3565,15834,68440,173541,0,0,11436,28737,65690,103073,3963,63988,179344,3.59813364581324,4.80610532320433,5.42260297024957,-0.568636235841013,0.195899652409234,3.27044590801796,3.22167499707077,2.59439255037543,4,0,8,2,17,142,2.32192809488736,0,3.16992500144231,1.58496250072116,4.16992500144231,7.15987133677839,143,180,199,145,179,202,149,179,200,140,163,180,141,164,148,170,192,34,22,22,22,270,11,11,20,3.3166247903554,1,33,36,42,44,37,42,0,0,0,4,25,20,100,100,100,96,70,72,0,0,0,0,0,0,0,0,0,1,2,0,33,0,36,0,0,41,4,41,8,50
"W-Z2H2E",36.0777,-80.2742,1403649.00718,-200964.25978,"NC","Forsyth",47177,3.22010808804005,3.88739221897185,3.06818586174616,4.12460202789334,3.20897851727625,3.22401481137286,3.53173430927655,1.77085201164214,3402,0,0,0,22554,58605,161,275,814,2269,3614,15592,67326,172891,0,0,11470,28627,65617,103019,3937,63789,179476,3.5952757118021,4.80475260215046,5.42247657368707,-0.568636235841013,0.195899652409234,3.26717172840301,3.22530928172586,2.55630250076729,4,0,8,2,17,132,2.32192809488736,0,3.16992500144231,1.58496250072116,4.16992500144231,7.05528243550119,144,180,201,146,179,202,149,179,200,140,163,180,141,164,148,170,192,24,23,22,22,270,9,11,20,3,1,56,47,42,44,37,42,0,0,0,4,25,20,100,100,100,96,70,71,0,0,0,0,0,0,0,0,0,1,2,0,56,0,47,0,0,41,4,41,8,50
"W-Z2H2F",36.0778,-80.2775,1403355.49957,-201004.34113,"NC","Forsyth",2291,3.23552844690755,3.89718707658015,3.08493357493672,4.13091244210747,3.16405529189345,3.23879856271392,3.56169753265399,1.64345267648619,3645,0,0,0,23035,57645,180,424,912,2218,3606,15236,63160,165628,0,0,11622,27908,65200,102718,3755,62947,180238,3.57472558359407,4.79898193614742,5.42168617182451,-0.552841968657781,0.193124598354462,3.25333800532611,3.23854788768133,2.02118929906994,2,0,10,2,17,116,1.58496250072116,0,3.4594316186373,1.58496250072116,4.16992500144231,6.8703647195834,145,180,203,150,181,201,150,179,198,140,163,180,141,165,148,171,192,23,25,22,22,265,4,11,20,2,0,0,28,39,45,38,44,0,0,0,3,24,19,100,100,100,97,71,73,0,0,0,0,0,0,0,0,0,1,3,0,0,0,28,0,0,45,4,42,9,53
"W-Z1R2",36.0361,-80.4122,1392237.70842,-207616.13895,"NC","Forsyth",2305,3.19700472802305,4.14739803934765,3.37566361396089,4.39794000867204,3.67924614541386,3.2087100199064,4.21963691080896,2.25527250510331,16582,0,0,0,10624,22038,0,0,406,945,1990,7737,23802,41918,0,0,5292,10989,37020,58609,845,20370,64725,2.92737036303902,4.30901234877543,5.14726811201449,-1,-0.259637310505756,3.99956548822598,3.20030318298158,2.90036712865647,0,0,2,0,3,20,0,0,1.58496250072116,0,2,4.39231742277876,162,184,197,161,177,197,158,177,199,155,180,205,153,179,153,178,201,17,12,11,8,230,0,11,14,0,0,56,51,42,35,23,25,0,0,0,0,3,4,89,70,63,53,30,33,0,0,9,12,14,23,25,32,24,27,24,11,67,29,80,37,47,83,67,90,63,88
"W-Z1R1",36.0899,-80.4008,1392230.36202,-201583.60961,"NC","Forsyth",2136,2.98136550907854,4.22530928172586,3.18723861983148,4.34478512263266,3.90875301918453,2.98497712641549,4.15296067430425,2.44247976906445,14222,0,0,4704,11660,20060,0,0,150,685,1231,5300,19120,45520,0,2382,5835,10031,36971,60654,1692,21708,84415,3.22865695810894,4.33663981864169,5.27104195474992,-0.537602002101044,-0.356547323513813,3.94324712513786,3.25188145455253,3.23678909940929,0,0,0,0,2,19,0,0,0,0,1.58496250072116,4.32192809488736,153,183,203,155,182,202,153,179,198,154,182,200,155,181,152,178,200,15,10,10,11,261,2,13,14,1.4142135623731,0,100,86,74,62,39,29,0,0,0,1,4,2,100,100,91,80,48,36,0,0,0,5,15,13,5,9,6,17,21,0,100,0,86,10,19,79,50,89,62,91
"W-Z1R3",36.0934,-80.3999,1392243.82805,-201188.74499,"NC","Forsyth",2136,3.12775251583297,4.22052648352704,3.07003786660776,4.34042428358909,3.91692746611299,3.1296898921993,4.15017289639313,2.82801506422398,14131,0,0,2666,11072,19796,0,0,0,0,641,5652,18324,44095,0,1318,5546,9901,36397,65717,1623,21627,85678,3.21058602490516,4.33501636090359,5.27412319672578,-0.698970004336019,-0.431798275933005,3.94551782207784,3.3155505344219,3.25743856685981,0,0,0,0,2,19,0,0,0,0,1.58496250072116,4.32192809488736,156,180,202,154,183,197,156,181,199,155,182,202,155,181,152,178,200,0,1,7,10,259,3,14,17,1.73205080756888,0,0,20,41,49,39,30,0,1,2,1,3,2,0,20,50,66,47,37,89,70,61,36,28,25,14,10,9,18,21,100,100,80,100,50,34,84,50,89,61,91
"W-Z1L2F",36.0951,-80.4329,1389295.58833,-201508.68934,"NC","Forsyth",2123,2.60852603357719,4.28907587889822,3.0265332645233,4.3913938751357,4.03650912853273,2.59549622182557,4.23304690209818,2.55630250076729,17102,1107,2509,5770,11846,19987,0,0,0,1114,2034,4449,9340,31356,1272,2895,5927,10004,33549,56587,416,12800,62068,2.62013605497376,4.10724389757897,5.15182015509681,-0.337242168318426,-0.267606240177031,4.06859398097665,2.73798732633343,2.68484536164441,2,1,3,0,1,5,1.58496250072116,1,2,0,1,2.58496250072116,160,191,211,158,189,210,159,189,208,155,186,207,153,180,152,178,202,2,3,2,6,279,6,13,19,2.44948974278318,2.23606797749979,56,43,20,39,24,20,0,0,4,1,1,1,56,43,20,46,28,23,44,49,56,74,54,44,6,10,9,19,26,44,100,56,99,80,53,92,72,96,76,96
"W-Z1L2E",36.0962,-80.4302,1389513.46487,-201347.63457,"NC","Forsyth",2123,2.77597433112937,4.28314286330324,2.91539983521227,4.38662379612508,4.03035680531084,2.77158748088126,4.22683181065872,1.94939000664491,16859,0,1760,5490,11676,19877,90,241,584,1416,2278,4814,9575,32505,926,2755,5843,9948,33524,56623,509,13162,63970,2.70757017609794,4.11935488129643,5.16512556908823,-0.443697499232713,-0.366531544420413,4.06111305391798,2.79379038469082,2.53019969820308,2,1,5,0,1,5,1.58496250072116,1,2.58496250072116,0,1,2.58496250072116,156,192,202,158,190,206,157,187,207,155,186,207,153,180,152,178,202,9,7,11,7,286,7,12,18,2.64575131106459,3.16227766016838,78,57,53,49,26,20,0,6,4,2,1,1,78,57,55,50,31,24,22,35,43,38,37,41,0,7,8,19,26,22,100,43,100,38,49,91,69,95,75,95
"W-Z1L2D",36.0966,-80.4294,1389576.62363,-201291.84801,"NC","Forsyth",2123,2.8208579894397,4.2813288598017,2.87909587950007,4.38515923858004,4.02869322839392,2.81624129999178,4.22497309042883,1,16787,0,1325,5367,11606,19834,199,300,604,1441,2306,4895,9643,32904,720,2696,5808,9927,33486,56643,535,13263,64511,2.72916478969277,4.1226745132062,5.16890683554127,-0.481486060122112,-0.387216143280264,4.05899509352542,2.82736927305383,2.52504480703685,2,1,5,0,1,5,1.58496250072116,1,2.58496250072116,0,1,2.58496250072116,156,192,201,158,190,206,157,187,207,155,186,207,153,180,152,178,202,13,10,10,7,285,8,13,18,2.82842712474619,3.16227766016838,100,85,64,51,26,21,0,7,4,3,1,1,100,85,67,51,31,25,0,5,14,26,30,41,0,3,7,19,26,0,100,14,99,26,48,90,68,94,75,96
"W-Z1L2C",36.0968,-80.4292,1389590.52903,-201267.01284,"NC","Forsyth",2123,2.83821922190763,4.28082867763973,2.87098881376058,4.38472965161983,4.02853058651133,2.83378437465648,4.22450716472708,1.27875360095283,16769,0,1081,5312,11576,19815,196,297,600,1434,2302,4914,9659,33000,610,2670,5794,9918,33453,56635,539,13281,64619,2.73239375982297,4.12326347590283,5.16986832470759,-0.494850021680094,-0.397940008672038,4.05857784913322,2.84323277809801,2.54157924394658,2,1,5,0,1,5,1.58496250072116,1,2.58496250072116,0,1,2.58496250072116,156,192,201,158,190,206,157,187,207,155,186,207,153,180,152,178,202,13,10,10,7,283,5,12,18,2.23606797749979,2.82842712474619,100,85,66,51,26,21,0,4,4,3,1,1,100,85,69,50,31,25,0,5,15,27,30,41,0,3,7,19,26,0,100,15,100,27,48,89,68,94,75,96
"W-Z1L2B",36.0971,-80.4282,1389673.2444,-201219.0557,"NC","Forsyth",2123,2.87390159786446,4.27866216090998,2.82216807936802,4.38300704182254,4.02604272100514,2.87040390527903,4.22219604630172,2.06069784035361,16680,0,99,5177,11501,19775,0,192,547,1460,2297,5002,9739,33323,165,2605,5756,9899,33483,56675,575,13425,65358,2.76042248342321,4.1279466428489,5.17426047347731,-0.522878745280338,-0.408935392973501,4.05568406491941,2.87448181769947,2.55266821611219,2,1,5,0,1,5,1.58496250072116,1,2.58496250072116,0,1,2.58496250072116,155,195,209,154,189,206,155,186,206,155,185,205,154,180,152,178,202,11,8,9,8,282,6,11,18,2.44948974278318,2.44948974278318,100,96,71,53,27,21,0,2,4,3,1,1,100,96,74,51,32,25,0,5,4,23,25,41,0,1,7,19,27,0,100,4,100,23,48,90,68,95,75,96
"W-Z1L2A",36.0976,-80.4258,1389875.90373,-201127.90953,"NC","Forsyth",2123,2.93901977644867,4.2735336801513,2.68484536164441,4.37897899417001,4.01957320209564,2.94101424370557,4.21653535741836,2.50105926221775,16464,0,0,4852,11329,19696,0,0,0,1441,2491,5185,9923,34072,0,2447,5671,9860,33609,56748,673,13811,67206,2.82865989653532,4.14025656967742,5.18411198512536,-0.552841968657781,-0.443697499232713,4.04840295615274,2.94497590841205,2.64836001098093,2,1,5,0,1,5,1.58496250072116,1,2.58496250072116,0,1,2.58496250072116,153,187,209,153,186,203,154,186,206,154,185,204,154,180,152,178,202,5,7,6,10,286,7,12,18,2.64575131106459,2.82842712474619,33,57,77,54,28,21,0,0,4,3,1,1,33,62,82,54,33,25,67,51,38,18,16,38,0,0,5,19,27,67,100,38,95,18,43,87,66,94,75,96
"W-BZ1L3F",36.2371,-80.375,1391727.39576,-185162.63675,"NC","Forsyth",46379,3.36342393291718,4.25522424747984,3.49886168899288,4.29611649216971,2.62838893005031,3.36417563277062,4.29503902878759,2.55509444857832,19726,0,0,0,7395,17232,0,0,0,608,1132,2859,6597,18691,0,0,3709,8619,19643,30143,225,7634,40023,2.3541084391474,3.88280904139244,4.99710666811237,-1,-0.585026652029182,4.25712635802259,3.43695733066945,3.4184670209466,0,0,0,0,1,5,0,0,0,0,1,2.58496250072116,146,184,204,145,186,204,148,187,205,148,185,203,150,183,148,181,205,5,2,2,1,302,0,8,26,0,1.73205080756888,0,4,6,10,8,12,0,0,0,0,1,1,11,9,12,11,10,15,0,0,4,20,31,50,68,53,38,34,29,89,89,90,94,88,88,97,91,99,83,95
"W-BZ1L3E",36.2381,-80.3718,1391990.69786,-185004.76231,"NC","Forsyth",46379,3.30449052777349,4.25166254998979,3.47099816966087,4.29130223575985,2.17318626841227,3.30535136944662,4.29322992545957,1.69897000433602,19644,0,0,0,8542,17838,171,281,592,1001,1515,3144,7124,19845,0,0,4267,8924,19767,30222,215,7892,40621,2.33445375115093,3.89724210280537,4.99934371971592,-1,-0.552841968657781,4.25621245856516,3.40551710697638,3.38614210893082,0,0,0,0,1,5,0,0,0,0,1,2.58496250072116,143,180,196,146,187,203,148,189,206,148,185,204,150,183,148,181,205,15,12,5,2,310,2,11,26,1.4142135623731,1.73205080756888,22,18,17,11,9,13,0,0,0,0,1,1,33,54,30,11,11,16,0,3,5,12,32,49,57,48,38,33,29,67,89,45,63,69,87,96,88,97,82,95
"W-BZ1L3D",36.2383,-80.3714,1392022.1918,-184976.86277,"NC","Forsyth",46379,3.29534714833362,4.2513705054967,3.46627432178929,4.29079118338276,2.04532297878666,3.29622628726116,4.29314148345093,1,19640,0,0,0,8687,17923,199,299,614,1033,1555,3176,7191,20042,0,0,4338,8966,19784,30232,213,7934,40646,2.33041377334919,3.89954693109087,4.99934371971592,-1,-0.552841968657781,4.25628467848416,3.40036527334994,3.3807537708039,0,0,0,0,1,5,0,0,0,0,1,2.58496250072116,143,180,196,146,187,203,148,189,206,148,185,204,150,183,148,181,205,28,11,5,2,310,4,11,26,2,1.73205080756888,33,24,19,11,9,13,0,0,0,0,1,1,66,56,32,11,11,16,0,3,5,13,34,49,55,46,38,33,29,33,66,43,67,68,87,96,88,97,82,95
"W-BZ1L3B",36.2384,-80.3704,1392108.48972,-184950.658,"NC","Forsyth",46379,3.27806733088866,4.24988290186369,3.46104809167066,4.28905355759264,1.76342799356294,3.2792105126014,4.2921895926235,1.89762709129044,19597,0,0,0,8923,18056,125,257,623,1083,1630,3233,7307,21943,0,0,4457,9034,19813,30251,210,8002,40935,2.32428245529769,3.90325281689396,5.00071165954887,-1,-0.537602002101044,4.2555378262246,3.39515159150454,3.37529773821734,0,0,0,0,1,5,0,0,0,0,1,2.58496250072116,145,180,197,147,187,203,148,189,206,148,185,204,150,183,148,181,205,4,8,5,2,309,1,10,26,1,2,11,28,20,12,9,13,0,0,0,0,1,1,44,47,32,11,12,16,0,0,1,22,35,49,46,44,40,33,29,55,66,52,80,68,89,98,87,96,82,95
"W-BZ1L3A",36.2388,-80.3675,1392356.6709,-184862.68422,"NC","Forsyth",46390,3.22167499707077,4.24583333509733,3.44498111208794,4.28415992039868,1.17609125905568,3.223236273103,4.2896112463483,2.52762990087134,19481,0,0,0,9563,18443,0,0,0,1012,1739,3349,7612,23758,0,0,4781,9229,19895,30303,199,8236,41687,2.30102999566398,3.91576906598368,5.00383090315864,-1,-0.508638306165727,4.25365294848356,3.38021124171161,3.36040405472994,0,0,0,0,1,5,0,0,0,0,1,2.58496250072116,148,190,203,148,189,204,148,188,206,149,185,205,150,183,148,181,205,5,3,1,2,306,4,12,24,2,1.4142135623731,22,16,12,13,10,13,0,0,1,1,1,1,22,16,13,13,13,16,44,54,54,44,43,45,42,36,41,32,29,77,99,83,99,86,86,96,86,96,81,94
"W-Z2H1F",35.819,-80.2658,1409316.76148,-228997.21642,"NC","Davidson",3609,3.06032002868829,3.73191094211687,3.00216606175651,4.39794000867204,2.38021124171161,3.06445798922692,4.39794000867204,2.48000694295715,25000,0,0,3851,19098,41119,0,0,0,1460,4699,16729,45457,71574,0,1947,10197,26269,58882,85201,2780,24118,46806,3.44420098886416,4.38235929751932,4.88192077357732,-0.769551078621726,-0.200659450546418,3.15533603746506,3.06855689507236,2.49415459401844,6,0,35,7,14,140,2.8073549220576,0,5.16992500144231,3,3.90689059560852,7.13955135239879,125,150,177,136,156,181,133,154,174,139,163,185,146,175,150,179,200,36,35,27,35,229,0,11,15,0,0,0,28,42,29,35,25,28,11,17,25,15,8,56,71,83,66,63,40,0,0,0,6,8,9,0,0,1,5,16,0,0,0,28,6,10,39,21,56,51,76
"W-Z2H1E",35.8206,-80.2638,1409463.63806,-228792.00075,"NC","Davidson",3609,3.07481644064517,3.75166394626099,2.8842287696326,4.39794000867204,2.54032947479087,3.07664044367034,4.39794000867204,1.79934054945358,25000,0,0,4795,18663,39756,155,290,647,3143,6228,18647,46854,71212,0,2264,10705,26046,59450,85735,2886,24227,46822,3.46044678388072,4.38431756499126,4.88602798331142,-0.769551078621726,-0.193820026016113,3.12385164096709,3.08242630086077,2.46089784275655,16,0,44,7,14,141,4.08746284125034,0,5.49185309632967,3,3.90689059560852,7.14974711950468,130,153,180,133,151,173,129,148,169,138,164,185,147,175,150,179,200,27,29,32,38,236,2,9,13,1.4142135623731,0,33,27,25,26,35,25,0,11,21,29,15,7,100,100,89,66,64,40,0,0,0,0,1,3,0,0,1,5,16,0,33,0,27,0,4,30,21,56,52,77
"W-Z2H1D",35.8209,-80.2634,1409493.39327,-228753.1348,"NC","Davidson",3609,3.07809415040641,3.75541746281094,2.85733249643127,4.39794000867204,2.56702636615906,3.07954300740291,4.39794000867204,1.14612803567824,25000,0,0,4950,18574,39459,198,308,816,3311,6479,18845,46987,71242,0,2365,10794,26000,59562,85839,2900,24245,46824,3.46254772880266,4.38464010082629,4.88683464043696,-0.769551078621726,-0.193820026016113,3.11958577496178,3.08778141780954,2.45788189673399,16,0,48,7,14,141,4.08746284125034,0,5.61470984411521,3,3.90689059560852,7.14974711950468,130,153,180,133,151,173,129,148,169,138,164,185,147,175,150,179,200,33,30,33,38,236,2,9,12,1.4142135623731,0,11,23,22,25,35,25,0,11,22,31,15,7,100,100,88,66,64,40,0,0,0,0,0,3,0,0,1,5,16,0,11,0,23,0,4,29,21,56,52,77
"W-Z2H1C",35.8208,-80.2635,1409486.4306,-228765.57312,"NC","Davidson",3609,3.07809415040641,3.75434833571102,2.86451108105839,4.39794000867204,2.56229286445647,3.07954300740291,4.39794000867204,1.46239799789896,25000,0,0,4910,18593,39557,192,306,692,3275,6416,18796,46961,71224,0,2342,10767,26023,59531,85811,2897,24239,46823,3.46209838113516,4.38453261549425,4.88660915297358,-0.769551078621726,-0.193820026016113,3.1215598441875,3.08671566394488,2.45788189673399,16,0,48,7,14,141,4.08746284125034,0,5.61470984411521,3,3.90689059560852,7.14974711950468,130,153,180,133,151,173,129,148,169,138,164,185,147,175,150,179,200,33,30,33,38,236,2,9,13,1.4142135623731,0,33,24,22,25,35,25,0,12,22,30,15,7,100,100,88,66,64,40,0,0,0,0,0,3,0,0,1,5,16,0,33,0,24,0,4,29,21,56,52,77
"W-Z2H1B",35.8214,-80.2627,1409545.94024,-228687.84095,"NC","Davidson",3628,3.08421868673924,3.76170236754141,2.80685802951882,4.39794000867204,2.61278385671974,3.08493357493672,4.39794000867204,1.83884909073726,25000,0,0,5007,18412,39079,143,265,1365,3744,6933,19957,47176,71360,0,2438,10934,25920,59760,86017,2920,24274,46826,3.46553155697355,4.38515923858004,4.88822443798148,-0.744727494896694,-0.193820026016113,3.11427729656159,3.09864372581706,2.39269695325967,19,0,45,7,14,141,4.32192809488736,0,5.52356195605701,3,3.90689059560852,7.14974711950468,130,153,180,133,151,173,129,148,169,138,164,185,147,175,150,179,200,33,32,34,39,238,4,8,11,2,0,0,5,13,24,35,25,4,10,25,35,15,7,100,96,90,63,64,40,0,0,0,0,0,2,0,0,0,5,16,0,0,0,5,0,2,25,21,56,52,77
"W-Z2H1A",35.8231,-80.2607,1409690.8994,-228471.73441,"NC","Davidson",3625,3.08170727009735,3.78089310868708,2.63144376901317,4.39794000867204,2.71096311899528,3.0920184707528,4.39794000867204,1.70757017609794,25000,0,0,5306,17984,38178,173,294,1415,4400,8692,21792,47469,71677,0,2608,11334,25877,60333,86547,2931,24341,46834,3.46716396596909,4.38635625808797,4.89236734305168,-0.698970004336019,-0.180456064458131,3.10105935490812,3.10105935490812,2.16136800223497,16,0,63,7,14,142,4.08746284125034,0,6,3,3.90689059560852,7.15987133677839,136,154,181,129,151,166,127,147,167,139,164,186,147,175,150,179,200,37,30,34,45,237,2,8,14,1.4142135623731,0,22,15,12,18,34,24,7,13,22,35,15,7,78,93,87,63,63,39,0,0,0,0,0,1,0,0,0,5,17,0,22,0,15,0,1,22,22,56,53,77
"W-Z2R2",35.8674,-80.2536,1409476.27495,-223538.68922,"NC","Davidson",4648,2.69196510276736,4.02411607282677,2.98227123303957,4.39794000867204,2.47712125471966,2.88309335857569,4.39794000867204,2.50105926221775,25000,170,2225,6287,13452,29118,0,0,0,823,1669,3924,7338,41095,0,2738,6430,19655,56217,89218,645,15376,46104,2.81023251799508,4.18687161436454,4.9517114145698,-0.200659450546418,0,3.56702636615906,3.54986118847194,2.94939000664491,0,0,2,0,0,2,0,0,1.58496250072116,0,0,1.58496250072116,148,171,196,146,175,199,148,182,203,152,181,202,151,179,149,177,200,5,8,9,8,247,4,10,19,2,0,33,41,32,22,15,15,0,0,1,3,1,4,33,56,50,30,23,24,33,35,31,42,42,43,7,14,25,30,31,66,99,45,86,49,68,85,73,88,72,87
"W-BZ2L4D",35.9536,-80.2183,1410958.07173,-213607.21286,"NC","Davidson",1916,3.12807601266872,4.22965624966721,3.86793865089078,4.37597436617619,1.50514997831991,3.13735411137073,4.19948091486236,1.14612803567824,15830,0,0,2505,11272,19436,198,299,603,1010,1529,3093,10249,18927,0,1241,5359,9512,21056,79347,481,9726,39938,2.68304703823885,3.98797891587548,5.12969955739921,-0.698970004336019,-0.301029995663981,4.06658679647069,3.33000770087276,1.39794000867204,2,0,2,0,2,8,1.58496250072116,0,1.58496250072116,0,1.58496250072116,3.16992500144231,135,162,180,139,168,184,145,172,191,152,175,199,153,178,151,176,200,25,19,14,9,275,4,8,14,2,1,56,31,23,14,11,9,9,6,8,4,1,1,67,49,43,20,17,13,0,19,28,31,35,36,19,23,39,41,43,33,89,42,73,50,75,87,81,92,87,96
"W-BZ2L4C",35.9535,-80.218,1410986.53261,-213613.44006,"NC","Davidson",1916,3.13767053723676,4.22901594276341,3.8677620246502,4.37606572158617,1,3.14643813528577,4.19989224352632,1.17609125905568,15845,0,0,2235,11228,19397,198,298,599,1003,1515,3071,10182,18877,0,1098,5327,9483,21037,79510,480,9701,39878,2.68214507637383,3.98686127029004,5.12958356080136,-0.721246399047171,-0.309803919971486,4.06695919786712,3.33465476688324,1.41497334797082,2,0,2,0,2,8,1.58496250072116,0,1.58496250072116,0,1.58496250072116,3.16992500144231,135,162,180,139,168,184,145,172,191,152,175,199,153,178,151,176,200,34,20,15,9,274,5,8,14,2.23606797749979,1,78,30,22,14,11,9,9,7,8,4,1,1,89,57,44,20,17,13,0,14,24,30,34,38,19,23,39,41,43,0,78,33,63,49,77,89,81,92,87,96
"W-BZ2L4B",35.9534,-80.2176,1411023.84395,-213618.11444,"NC","Davidson",1916,3.14921911265538,4.228272002124,3.86581438016797,4.37615705778325,1.53147891704226,3.15806079393661,4.20033056512477,1.72427586960079,15861,0,0,1836,11166,19345,170,279,586,988,1495,3041,10101,18817,0,872,5286,9446,21014,79699,478,9671,39812,2.68033551341456,3.98551628785272,5.12956422502258,-0.744727494896694,-0.309803919971486,4.06733128020817,3.34024576156793,1.75587485567249,2,0,2,0,2,8,1.58496250072116,0,1.58496250072116,0,1.58496250072116,3.16992500144231,139,171,184,140,167,186,145,168,191,152,175,199,153,178,151,176,200,38,21,15,9,273,3,8,14,1.73205080756888,1,56,26,22,14,11,9,9,7,8,4,1,1,78,62,45,20,17,13,0,3,22,29,33,38,19,23,38,41,43,0,56,29,55,48,76,88,81,92,87,96
"W-BZ2L4A",35.9531,-80.2143,1411321.63717,-213599.52462,"NC","Davidson",1916,3.23095955574857,4.22313236247159,3.84843545533147,4.37577331660498,2.51982799377572,3.23854788768133,4.2024610706294,2.54282542695918,15939,0,0,0,10555,18870,0,0,0,662,1227,2755,9426,18473,0,0,4921,9137,20813,80595,467,9466,39404,2.67024585307412,3.97621237711738,5.13064249037181,-1,-0.366531544420413,4.06840851977816,3.37694175714676,2.54282542695918,2,0,2,0,2,8,1.58496250072116,0,1.58496250072116,0,1.58496250072116,3.16992500144231,142,174,184,139,174,190,146,167,192,153,175,199,153,178,151,176,200,34,29,10,8,275,4,7,14,2,1,33,24,12,12,10,9,16,6,8,4,1,1,77,58,33,17,16,13,0,0,6,23,30,41,38,35,38,42,42,0,33,25,49,61,79,89,83,93,86,95
"W-BZ2L4F",35.9539,-80.2211,1410704.53179,-213618.0275,"NC","Davidson",1916,3.03901732199741,4.23411215803377,3.85321133450332,4.3762666358701,2.45331834004704,3.04999285692014,4.19763887555557,2.42488163663107,15763,0,0,4163,11652,19764,0,0,279,907,1550,3253,10643,19218,0,2057,5622,9752,21217,78173,491,9906,40304,2.69196510276736,3.99594216299255,5.12978653452034,-0.537602002101044,-0.236572006437063,4.06580371257502,3.29972515397564,2.43296929087441,2,0,2,0,2,8,1.58496250072116,0,1.58496250072116,0,1.58496250072116,3.16992500144231,143,181,197,143,177,192,146,176,193,152,174,198,153,177,151,176,200,0,1,4,8,268,4,11,14,2,1,11,12,24,15,11,9,0,0,3,4,1,1,11,12,26,24,17,13,0,14,27,45,42,36,28,29,36,41,43,89,100,88,100,73,72,87,81,92,86,95
"W-Z2L1F",36.0064,-80.2334,1408614.33576,-208094.112,"NC","Forsyth",2515,2.42651126136458,4.14789264483285,3.56749689110422,4.26547820358064,2.97497199429807,2.49415459401844,3.99378881381871,2.42651126136458,9858,1670,2787,5878,12261,20594,0,0,0,791,1495,3933,21934,57426,1363,2962,6160,10320,41030,90132,366,18036,88764,2.56466606425209,4.25616430527961,5.30758374370558,0.139879086401237,0.252853030979893,3.7822575736633,3.60336092434838,2.92839585225671,0,0,2,0,0,6,0,0,1.58496250072116,0,0,2.8073549220576,156,173,196,152,175,199,151,172,201,154,175,200,153,175,151,172,196,18,6,8,7,257,11,10,13,3.3166247903554,0,22,9,14,16,19,21,0,1,2,2,3,3,33,28,37,25,29,32,0,0,18,35,43,41,27,22,32,29,31,67,89,72,81,62,73,87,68,87,65,86
"W-Z2L1E",36.0061,-80.2308,1408850.01219,-208086.46193,"NC","Forsyth",2499,2.70243053644553,4.14844840352338,3.57760667736254,4.26451087607177,2.85430604180108,2.73878055848437,3.99629271854132,2.06818586174616,9915,0,2188,5575,12173,20573,0,187,554,1014,1550,3804,21008,55490,1027,2808,6119,10308,40701,89996,376,17505,87877,2.57634135020579,4.24318692413147,5.30374452089414,-0.119186407719209,0.0755469613925308,3.77988496319264,3.59846220047415,2.96331551138611,0,0,2,0,0,8,0,0,1.58496250072116,0,0,3.16992500144231,155,172,198,151,172,199,150,171,201,155,176,201,154,175,151,172,196,26,23,10,6,258,8,11,16,2.82842712474619,0,11,19,20,14,18,21,3,3,2,3,3,3,78,70,40,25,27,31,22,16,16,32,44,45,25,25,27,30,31,22,33,27,46,57,72,85,70,88,66,87
"W-Z2L1D",36.0061,-80.2298,1408938.45543,-208070.95813,"NC","Forsyth",2499,2.77378644498119,4.14829409743475,3.58035466110659,4.26387267686522,2.79588001734408,2.80482067872116,3.99673051543515,1.43136376415899,9925,0,1792,5417,12119,20552,192,295,599,1020,1535,3745,20248,54960,798,2721,6094,10297,40688,89983,382,17359,87653,2.58319877396862,4.23954972084047,5.3025733384964,-0.193820026016113,0.0293837776852097,3.77829599108883,3.59846220047415,2.97680833733807,0,0,2,0,0,8,0,0,1.58496250072116,0,0,3.16992500144231,151,172,196,150,171,203,150,171,202,155,177,201,154,175,151,173,196,45,20,10,6,259,11,12,17,3.3166247903554,0,22,18,22,14,18,21,12,3,1,4,3,3,78,64,43,24,27,31,0,3,9,34,46,47,19,26,25,31,31,0,22,24,42,53,72,84,71,89,67,88
"W-Z2L1C",36.0058,-80.2293,1408988.40167,-208095.86088,"NC","Forsyth",2499,2.80753502806885,4.14924991259028,3.5854607295085,4.26429824719022,2.76492298464989,2.83695673705955,3.99843371886447,1.30102999566398,9964,0,1501,5331,12095,20532,196,298,599,1009,1520,3662,19781,54383,613,2680,6081,10288,40499,89855,384,17184,87225,2.5854607295085,4.23514953647324,5.30104953847596,-0.229147988357856,0.00860017176191757,3.77988496319264,3.59483435558332,2.9982593384237,0,0,2,0,0,8,0,0,1.58496250072116,0,0,3.16992500144231,151,172,196,150,171,203,150,171,202,155,177,201,154,175,151,173,196,44,16,10,6,261,10,11,16,3.16227766016838,0,0,27,22,13,17,20,14,3,1,4,3,3,33,54,44,25,26,30,0,3,16,34,47,46,19,24,25,31,31,0,0,32,59,53,71,84,72,89,67,87
"W-Z2L1B",36.0057,-80.2288,1409034.53165,-208098.99333,"NC","Forsyth",2499,2.83758843823551,4.14952701375435,3.58815961638309,4.26422734775623,2.73078227566639,2.86510397464113,3.99913054128737,1.81291335664286,9980,0,1128,5238,12064,20514,152,271,586,994,1502,3605,19140,54000,330,2628,6066,10279,40426,89808,387,17076,87007,2.58883172559421,4.23241157842085,5.3001300743462,-0.267606240177031,-0.00877392430750515,3.77988496319264,3.59372899870791,3.00518051250378,0,0,0,0,0,8,0,0,0,0,0,3.16992500144231,148,173,196,150,172,203,150,172,202,154,177,201,154,175,151,173,196,4,12,10,6,261,10,12,15,3.16227766016838,0,11,27,22,12,17,20,14,3,1,4,3,3,11,46,45,25,26,30,11,8,23,33,48,45,19,22,25,31,31,22,33,41,68,52,70,83,72,89,67,87
"W-Z2L1A",36.0056,-80.2255,1409328.30283,-208058.70531,"NC","Forsyth",2494,2.99343623049761,4.14955779186158,3.5999921775841,4.26247482102094,2.38560627359831,3.01241537476243,4.00147409669173,2.55990662503611,10034,0,0,4416,11781,20360,0,0,0,681,1255,3228,17870,52207,0,2201,5930,10201,40299,89685,408,16577,86156,2.61172330800734,4.21953213530016,5.29565285091289,-0.468521082957745,-0.102372908709559,3.77633790962018,3.59472394640975,3.03100428136354,0,0,0,0,0,8,0,0,0,0,0,3.16992500144231,154,178,212,150,174,208,151,174,203,154,178,201,155,175,151,173,197,0,0,1,6,260,11,12,15,3.3166247903554,0,22,11,9,11,16,20,0,0,1,3,2,3,22,11,10,23,24,29,78,65,64,68,62,47,20,16,26,32,32,78,100,89,100,88,73,85,74,90,69,89
"W-BZ2R3",36.0441,-80.2175,1409300.63979,-203744.03324,"NC","Forsyth",2345,3.21031851982623,3.99312748510571,1,4.14631412201197,3.12057393120585,3.21058602490516,3.78468859950142,2.35793484700045,6091,0,0,0,20137,44888,0,0,309,835,1392,5573,33743,100056,0,0,9879,19240,60890,100798,1462,36915,128091,3.16524432612531,4.56721463731489,5.38050429159368,-1,0.117271295655764,3.21590181320403,3.21590181320403,3.09516935143176,0,0,0,3,9,50,0,0,0,2,3.32192809488736,5.6724253419715,161,186,204,163,186,205,162,184,205,151,173,193,149,170,148,169,193,28,15,11,6,260,8,17,18,2.82842712474619,0,22,62,55,38,33,29,0,0,0,3,7,9,100,100,75,51,55,48,0,0,0,24,31,38,0,8,8,13,17,0,22,0,62,24,46,86,37,70,43,72
"W-Z1H2A",36.0986,-80.2503,1405362.61102,-198319.90034,"NC","Forsyth",47005,2.81690383937566,3.66029616027073,1,4.00685096032427,2.80071707828239,2.83442070368153,2.88592633980143,1.94939000664491,769,0,1315,8108,22910,53015,93,241,1631,4343,10430,25959,82691,185430,552,4066,11519,26450,68341,105287,3538,74080,181090,3.54888056263751,4.86970683614082,5.42289829930289,-0.148741651280925,0.212187604403958,3.16761267272753,2.82151352840477,2.33645973384853,14,8,74,6,27,259,3.90689059560852,3.16992500144231,6.22881869049588,2.8073549220576,4.8073549220576,8.02236781302845,99,102,117,103,121,126,109,126,135,129,151,165,138,162,147,170,191,66,76,74,63,288,14,14,20,3.74165738677394,1,0,0,2,7,32,39,100,90,72,64,27,22,0,0,10,36,71,71,0,0,0,0,0,0,0,0,0,1,1,0,0,0,0,0,0,9,2,34,6,45
"W-Z1H2B",36.0983,-80.2531,1405120.98572,-198395.85266,"NC","Forsyth",47005,2.84757265914211,3.67632773388132,1,4.01519204176283,2.77524625974024,2.86332286012046,2.99122607569249,1.81954393554187,980,0,841,5829,22183,53205,217,454,1200,3361,8425,25433,82130,191317,336,2928,11170,26532,68133,105138,3803,73919,181790,3.58024050826538,4.86876195821205,5.42307703987208,-0.244125144327509,0.178976947293169,3.23274206272074,2.8481891169914,2.06445798922692,10,7,71,6,27,252,3.4594316186373,3,6.16992500144231,2.8073549220576,4.8073549220576,7.98299357469431,109,128,139,112,134,141,115,134,144,131,153,166,138,162,147,170,191,63,75,70,55,284,15,14,17,3.87298334620742,1,0,0,3,13,33,40,96,77,58,52,27,22,0,4,23,48,71,72,0,0,0,0,0,0,0,0,0,1,1,0,0,0,0,0,0,16,2,35,5,45
"W-Z1H2C",36.0982,-80.2537,1405069.88885,-198416.01463,"NC","Forsyth",47005,2.85369821177617,3.68006342748195,1,4.01707509637606,2.78247262416629,2.86805636182304,3.01157044359728,1.04139268515823,1027,0,730,5858,22015,53258,251,430,1122,2913,8198,25268,81960,193933,269,2943,11086,26560,68089,105101,3849,73876,181916,3.5854607295085,4.86850925127959,5.423119664373,-0.2518119729938,0.173186268412274,3.24600590407603,2.85672889038288,1.96378782734556,8,7,65,6,27,248,3.16992500144231,3,6.04439411935845,2.8073549220576,4.8073549220576,7.96000193206808,109,128,139,112,134,141,115,134,144,131,153,166,138,162,147,170,191,73,79,70,53,286,14,15,18,3.74165738677394,1,0,0,3,13,33,40,92,74,55,50,27,22,0,8,26,50,71,72,0,0,0,0,0,0,0,0,0,1,1,0,0,0,0,0,0,17,2,35,4,44
"W-Z1H2D",36.0983,-80.2539,1405050.31631,-198408.22217,"NC","Forsyth",47005,2.86391737695786,3.68024483704261,1,4.01728382156002,2.77451696572855,2.87737134586977,3.02036128264771,1,1048,0,493,5837,21940,53181,200,403,1106,2883,8104,25164,82488,194242,0,2933,11047,26518,68069,105087,3845,73884,181988,3.58500927990246,4.86855627765793,5.42311146767848,-0.259637310505756,0.170261715394957,3.24870873560092,2.8668778143375,2.02118929906994,8,5,59,6,27,250,3.16992500144231,2.58496250072116,5.90689059560852,2.8073549220576,4.8073549220576,7.97154355395077,109,128,139,112,134,141,115,134,144,131,153,166,138,162,147,170,191,69,75,67,52,288,16,15,19,4,1.4142135623731,0,0,4,14,34,40,89,70,53,49,27,22,0,11,30,51,72,72,0,0,0,0,0,0,0,0,0,1,1,0,0,0,0,0,0,18,2,36,4,44
"W-Z1H2E",36.098,-80.2545,1405003.02943,-198450.15329,"NC","Forsyth",47005,2.85793526471943,3.68565218411552,1,4.01982222416777,2.80208925788173,2.86981820797933,3.03662889536216,1.79934054945358,1088,0,650,5905,21795,53370,154,336,1282,3121,7808,25071,82294,196218,232,2975,10977,26624,68032,105050,3909,73821,182059,3.59217675739587,4.8681858070097,5.42318851050002,-0.2518119729938,0.170261715394957,3.26387267686522,2.85793526471943,2.00432137378264,10,6,58,6,28,248,3.4594316186373,2.8073549220576,5.88264304936184,2.8073549220576,4.85798099512757,7.96000193206808,113,129,145,120,139,153,119,134,154,131,154,167,138,162,147,170,191,78,75,68,51,288,17,16,18,4.12310562561766,1,0,0,2,15,34,40,82,68,52,47,26,22,11,18,31,54,72,72,0,0,0,0,0,0,0,0,0,1,1,0,0,0,0,0,0,19,2,36,4,44
"W-Z1H2F",36.0977,-80.2572,1404770.23242,-198524.54896,"NC","Forsyth",47005,2.8998205024271,3.70113606609253,1.25527250510331,4.0277979433503,2.85733249643127,2.8998205024271,3.11826472608948,1.77815125038364,1313,0,0,6038,20793,53359,151,265,576,3010,5850,24155,83265,197680,0,3044,10492,26677,67814,104855,4000,73660,182554,3.602168551379,4.86723761041265,5.42334091666817,-0.259637310505756,0.15836249209525,3.30254737248749,2.90741136077459,2.50242711998443,10,5,41,6,28,248,3.4594316186373,2.58496250072116,5.39231742277876,2.8073549220576,4.85798099512757,7.96000193206808,124,151,168,128,150,165,125,143,162,133,156,169,139,162,147,170,191,38,46,50,45,284,16,15,17,4,1,0,3,10,22,36,41,19,31,40,37,26,22,89,81,69,63,73,73,0,0,0,0,0,0,0,0,0,1,1,0,0,0,3,0,0,24,2,38,4,45
"W-Z4L1F",35.966,-80.1245,1419020.81586,-210797.02772,"NC","Davidson",2519,3.91386681189624,4.18318440029821,2.80955971463527,4.34890817156036,3.92680531011161,3.88012732221662,4.25156522364463,2.51054501020661,17847,0,0,0,0,0,0,0,0,761,1340,2922,8438,16747,0,0,0,0,14596,92747,321,6735,58096,2.50785587169583,3.82840207849159,5.26342064297215,-1,-0.823908740944319,3.95104594813582,3.91524149730619,3.28757780907871,0,0,0,0,0,2,0,0,0,0,0,1.58496250072116,145,190,216,146,183,207,146,185,201,149,177,199,151,178,150,177,198,1,2,0,1,250,6,12,17,2.44948974278318,0,11,7,4,8,9,9,0,0,0,0,0,0,11,10,6,10,12,11,89,46,39,44,45,43,51,47,46,41,39,89,100,90,97,95,89,98,87,96,88,97
"W-Z4L1E",35.9647,-80.1287,1418674.19148,-211004.08498,"NC","Davidson",2519,3.92541523708425,4.18021192234894,2.38021124171161,4.35042247660771,3.90611945754556,3.88315019968328,4.24895361549571,1.90848501887865,17740,0,0,0,0,0,116,250,577,991,1499,3009,8210,15513,0,0,0,0,16392,92690,327,6661,54842,2.51587384371168,3.82360462835516,5.25970852896103,-1,-0.853871964321762,3.95999483832842,3.92726768081088,3.27554168840131,0,0,0,0,0,2,0,0,0,0,0,1.58496250072116,148,171,211,146,184,207,148,181,202,150,176,199,152,178,150,177,199,7,4,2,3,248,6,13,17,2.44948974278318,0,22,18,13,12,9,9,0,0,1,2,0,0,22,23,17,13,12,11,0,30,36,39,46,43,44,39,42,40,39,78,100,77,95,83,85,95,88,97,88,97
"W-Z4L1D",35.9648,-80.1277,1418760.74637,-210977.58987,"NC","Davidson",2519,3.92381372109119,4.18024060095574,2.51719589794997,4.3504999911288,3.91099771631064,3.88127050392936,4.2500050284869,1,17783,0,0,0,0,0,199,300,600,1001,1502,3010,8289,15784,0,0,0,0,15854,92764,326,6672,55656,2.51454775266029,3.82432112485077,5.26022885084137,-1,-0.853871964321762,3.9570802596579,3.92551835817743,3.27160930137883,0,0,0,0,0,2,0,0,0,0,0,1.58496250072116,142,175,216,144,186,210,148,183,202,149,176,199,152,178,150,177,199,10,4,3,3,249,8,14,17,2.82842712474619,0,33,19,14,11,9,9,0,0,0,2,0,0,66,30,19,12,12,11,11,19,24,35,48,43,47,38,43,40,39,33,66,70,89,82,86,96,88,97,88,97
"W-Z4L1C",35.9649,-80.1279,1418741.1309,-210969.82912,"NC","Davidson",2519,3.92345126963965,4.1806132506116,2.4983105537896,4.35022862975487,3.91009054559407,3.88229680093765,4.24954076450164,1,17764,0,0,0,0,0,200,300,600,1002,1503,3010,8266,15697,0,0,0,0,16016,92725,326,6672,55469,2.51454775266029,3.82432112485077,5.26034333343378,-1,-0.853871964321762,3.95808584852109,3.925208921412,3.27508089845686,0,0,0,0,0,2,0,0,0,0,0,1.58496250072116,147,175,216,147,186,210,150,183,202,149,176,199,152,178,150,177,199,10,4,3,3,248,7,14,17,2.64575131106459,0,33,20,13,11,9,9,0,0,0,2,0,0,55,28,18,12,12,11,22,24,30,37,48,43,45,39,43,40,39,44,77,72,92,82,86,96,88,97,88,97
"W-Z4L1A",35.9644,-80.1317,1418414.52435,-211083.56474,"NC","Davidson",2519,3.93049056530627,4.18024060095574,1,4.35024801833416,3.8912028272603,3.88874096068289,4.24580867678749,2.54032947479087,17612,0,0,0,0,0,0,0,0,712,1346,2943,7932,15092,0,0,0,0,17287,91713,328,6635,52479,2.51719589794997,3.82190637735232,5.25814381249072,-1,-0.886056647693163,3.96876304819725,3.93262594402178,3.29269900304393,0,0,0,0,0,2,0,0,0,0,0,1.58496250072116,150,181,204,148,181,201,148,179,203,150,176,199,152,178,151,177,199,3,4,6,4,232,0,11,17,0,0,22,20,11,14,9,9,3,6,5,2,0,0,22,23,14,13,12,11,44,49,47,46,41,47,33,34,39,40,38,77,99,74,94,79,86,96,87,96,88,97
"W-Z4L2F",35.9597,-80.0654,1424370.73763,-210558.02652,"NC","Davidson",2513,3.74233228235715,4.17638069224327,3.39445168082622,4.38937874795251,3.62438524142026,3.73925580326851,4.34113763874096,2.46389298898591,21935,0,0,0,0,0,0,0,165,837,1510,5545,11742,57481,0,0,0,0,27786,79181,349,23579,106463,2.54406804435028,4.37254380075907,5.2563641065264,-1,-0.522878745280338,3.74225366990659,3.74225366990659,2.87157293554588,0,0,2,0,0,6,0,0,1.58496250072116,0,0,2.8073549220576,153,199,206,153,197,204,151,192,204,154,191,205,148,180,146,176,193,13,9,7,6,253,4,10,15,2,0,100,92,76,42,20,20,0,0,1,1,1,7,100,92,78,39,28,33,0,5,8,20,23,40,2,11,20,23,24,0,100,8,100,22,60,89,71,91,60,80
"W-Z4L2E",35.9612,-80.0667,1424226.80928,-210415.17285,"NC","Davidson",2513,3.75686422406055,4.18012587516405,3.40619942366331,4.385838550084,3.64384731029971,3.7538127835647,4.33715964452686,1.94448267215017,21735,0,0,0,0,0,102,250,583,991,1630,5327,10338,52651,0,0,0,0,27529,79964,324,22966,105470,2.51188336097887,4.3611042704003,5.2579328386284,-1,-0.522878745280338,3.75686422406055,3.75686422406055,2.8494194137969,0,0,2,0,0,6,0,0,1.58496250072116,0,0,2.8073549220576,153,190,203,153,195,203,151,191,202,154,191,206,149,181,146,176,193,12,9,9,7,260,12,12,14,3.46410161513775,0,100,85,68,42,20,20,0,2,1,0,0,7,100,88,75,39,28,33,0,5,12,16,25,38,7,13,22,23,24,0,100,12,97,23,60,88,71,91,61,81
"W-Z4L2D",35.9618,-80.0671,1424179.85538,-210356.1501,"NC","Davidson",2513,3.76237842931196,4.18172928488268,3.40976410426635,4.38449678113787,3.65050179487837,3.7592900330243,4.33573864700505,1.07918124604762,21664,0,0,0,0,0,199,300,601,1002,1584,5228,10284,50368,0,0,0,0,27437,80181,315,22755,105123,2.4996870826184,4.35709592509573,5.25858221433166,-1,-0.537602002101044,3.76237842931196,3.76237842931196,2.8555191556678,0,0,2,0,0,6,0,0,1.58496250072116,0,0,2.8073549220576,153,190,203,153,195,201,150,191,202,154,191,206,149,181,146,176,193,14,9,9,7,261,14,12,12,3.74165738677394,0,56,59,63,39,20,20,5,2,1,0,0,6,56,71,73,40,27,32,44,35,23,18,25,37,8,13,23,24,24,44,100,23,82,26,60,88,73,93,61,81
"W-Z4L2C",35.9622,-80.0666,1424216.3784,-210304.78625,"NC","Davidson",2513,3.76484835719341,4.1832698436828,3.40071063677323,4.38406653807595,3.64943222324162,3.76185269446638,4.33577873881047,1,21666,0,0,0,0,0,200,300,600,1001,1506,5222,10749,51488,0,0,0,0,27411,80117,314,23049,105310,2.4983105537896,4.36267092972567,5.25920910225955,-1,-0.522878745280338,3.76484835719341,3.76484835719341,2.89209460269048,0,0,2,0,0,6,0,0,1.58496250072116,0,0,2.8073549220576,153,190,203,153,195,201,150,191,202,154,191,206,149,181,146,176,193,9,7,9,8,260,12,11,13,3.46410161513775,0,67,65,65,39,20,20,1,2,1,0,0,7,67,73,76,40,28,32,33,27,26,16,24,37,5,11,23,24,24,33,100,26,91,21,60,88,72,92,61,81
"W-Z4L2B",35.9629,-80.0669,1424176.34388,-210233.31439,"NC","Davidson",2513,3.76878604690801,4.18520206518789,3.4029488293444,4.38259331664437,3.65590641818022,3.76797172138162,4.33433309703655,1.91381385238372,21594,0,0,0,0,0,113,246,570,985,1488,5085,10260,50103,0,0,0,0,27306,80304,304,22878,104994,2.48429983934679,4.35943703830399,5.26000218170215,-1,-0.537602002101044,3.77085201164214,3.77085201164214,2.90955602924118,0,0,2,0,0,6,0,0,1.58496250072116,0,0,2.8073549220576,153,190,203,153,195,201,150,191,202,154,191,206,149,181,146,176,193,6,8,10,8,258,10,12,14,3.16227766016838,0,44,47,50,36,20,20,1,2,1,0,0,6,44,71,66,40,27,32,56,43,27,24,22,36,8,12,24,24,25,56,100,27,74,32,60,88,72,92,62,82
"W-Z4L2A",35.9644,-80.0672,1424120.88824,-210074.78698,"NC","Davidson",2439,3.7594411971337,4.18957452553725,3.40397796366935,4.37963179601937,3.66754633951152,3.76900787094377,4.33164995455274,2.37839790094814,21461,0,0,0,0,0,0,0,348,876,1410,4213,10121,48458,0,0,0,0,27091,80594,285,22670,104505,2.45636603312904,4.35547067693744,5.26180272406106,-1,-0.537602002101044,3.78311713749047,3.78311713749047,2.96378782734556,0,0,2,0,0,6,0,0,1.58496250072116,0,0,2.8073549220576,149,189,202,151,190,197,151,191,203,154,191,206,149,181,146,176,193,8,10,11,8,257,10,10,14,3.16227766016838,0,44,28,31,33,19,20,0,1,1,0,0,6,44,63,59,39,26,32,56,32,34,33,26,36,9,11,25,24,25,56,100,37,65,42,61,88,72,91,62,82
"W-Z3R2",35.9886,-79.9293,1435848.1002,-205271.76027,"NC","Guilford",950,3.35102285258412,4.0893751608161,2.94200805302231,4.39794000867204,2.8750612633917,3.29863478312444,4.18491845355246,2.92427928606188,15308,0,0,0,2323,25274,0,0,0,0,0,5857,25802,68817,0,0,4192,17038,57895,98646,898,30115,137577,2.95375969173323,4.47879728846863,5.42354240400589,-1,-0.309803919971486,3.35102285258412,3.35102285258412,2.97034687623009,0,0,4,1,1,32,0,0,2.32192809488736,1,1,5.04439411935845,150,190,211,153,192,208,153,187,201,147,186,196,148,187,144,175,187,24,14,7,9,240,2,10,15,1.4142135623731,0,22,32,22,15,23,27,0,0,0,10,8,7,89,68,42,28,43,49,11,22,22,44,63,52,14,7,10,10,13,11,33,31,63,58,62,76,50,73,46,73
"W-Z3L1A",35.9956,-79.8016,1446999.77387,-202484.79462,"NC","Guilford",309,2.70070371714502,4.22409258849427,3.34752515999869,4.39794000867204,3.31238894937059,3.36492603378998,3.92391722311311,2.27415784926368,8393,0,2057,5465,20949,59453,0,0,749,1520,2331,8283,27292,75963,0,0,4513,19063,49957,88072,662,26774,128503,2.82151352840477,4.42772947950389,5.4039248514319,-0.0915149811213503,0.222716471147583,3.39567578526994,2.81358098856819,2.43933269383026,2,1,5,2,8,29,1.58496250072116,1,2.58496250072116,1.58496250072116,3.16992500144231,4.90689059560852,154,181,199,147,176,192,143,174,188,146,176,191,146,175,148,178,192,9,9,10,13,259,1,6,11,1,0,100,30,17,17,14,15,0,1,5,12,10,13,100,54,43,36,37,35,0,8,12,17,30,31,39,28,20,23,22,0,100,46,76,56,51,66,53,67,53,68
"W-Z3L1B",35.9955,-79.8036,1446824.96937,-202527.51495,"NC","Guilford",309,2.70926996097583,4.22089224921952,3.32263271169222,4.39794000867204,3.34693946269899,3.33021078457153,3.92546680069154,1.8750612633917,8423,0,1982,5428,21546,60065,132,260,865,1487,2249,8344,26973,74677,0,0,4834,19349,50299,88361,653,27021,129317,2.81557774832427,4.43171748964601,5.40567925428087,-0.10790539730952,0.225309281725863,3.36586221540255,2.76342799356294,2.18184358794477,2,1,5,2,8,31,1.58496250072116,1,2.58496250072116,1.58496250072116,3.16992500144231,5,147,183,199,144,176,189,141,171,184,146,176,190,146,174,148,178,192,25,27,19,13,263,0,5,12,0,0,0,9,17,17,14,15,11,10,8,12,10,13,100,78,57,36,37,35,0,0,0,20,32,29,14,20,21,23,21,0,0,11,20,34,50,65,53,67,52,67
"W-Z3L1C",35.9954,-79.8043,1446765.06095,-202549.53561,"NC","Guilford",309,2.72098574415374,4.21989873904497,3.3151303171836,4.39794000867204,3.35812528527665,3.31701810104811,3.92639390026968,1.04139268515823,8441,0,1924,5404,21724,60237,199,339,834,1444,2200,8322,26797,73742,0,0,4932,19431,50413,88452,649,27071,129471,2.81291335664286,4.43252034135893,5.40615510563869,-0.10790539730952,0.222716471147583,3.35545152012652,2.75891189239797,2.12710479836481,2,1,3,2,8,31,1.58496250072116,1,2,1.58496250072116,3.16992500144231,5,147,175,198,144,175,189,141,171,184,146,176,190,146,174,148,178,192,38,33,21,13,261,0,6,19,0,1,0,5,16,16,14,15,19,13,9,12,10,13,78,77,60,35,37,35,0,0,1,18,33,30,8,17,22,23,21,0,0,4,9,26,52,67,53,67,53,68
"W-Z3L1D",35.9954,-79.8046,1446738.54623,-202554.31173,"NC","Guilford",309,2.72181061521255,4.21937492462626,3.31132995230379,4.39794000867204,3.36304759452109,3.31154195840119,3.92654822463562,1.17609125905568,8444,0,1919,5402,21800,60318,197,317,809,1419,2174,8295,26753,73222,0,0,4972,19473,50464,88498,647,27117,129602,2.81157500587059,4.43325765639735,5.40644309199242,-0.10790539730952,0.225309281725863,3.35063560825895,2.75511226639507,2.14612803567824,2,1,3,2,8,31,1.58496250072116,1,2,1.58496250072116,3.16992500144231,5,147,175,198,144,175,189,141,171,184,146,176,190,146,174,148,178,192,42,35,22,13,260,1,6,19,1,1,0,4,15,16,14,15,22,15,9,11,10,13,56,73,59,36,37,35,0,0,4,19,33,30,7,16,22,23,21,0,0,5,9,26,52,67,53,67,53,68
"W-Z3L1E",35.9952,-79.8055,1446662.91993,-202590.3917,"NC","Guilford",309,2.74350976472843,4.21827285357145,3.30319605742049,4.39794000867204,3.37675939540488,3.29336255471145,3.92824218315731,1.99563519459755,8477,0,1802,5355,21997,60434,23,224,712,1331,2090,8597,26449,71427,0,0,5085,19556,50604,88605,642,27146,129609,2.80821097292422,4.43372184293284,5.40692491409837,-0.136677139879544,0.217483944213906,3.33765889102614,2.7664128471124,2.22010808804005,2,1,5,2,8,31,1.58496250072116,1,2.58496250072116,1.58496250072116,3.16992500144231,5,144,173,190,142,171,189,142,170,184,146,176,191,146,174,148,178,192,46,37,24,14,257,0,6,13,0,1,0,3,9,16,14,15,32,17,10,11,10,13,22,56,55,35,37,35,0,5,12,25,31,31,4,13,23,23,21,0,0,12,15,29,54,68,53,67,53,68
"W-Z3L1F",35.9954,-79.8081,1446429.20659,-202610.02665,"NC","Guilford",309,2.74973631556906,4.21343806262377,3.26646689544024,4.39794000867204,3.41730558324453,3.24204423936955,3.92885653358191,2.51188336097887,8489,0,1843,5379,22557,61165,0,0,0,877,1826,8454,26080,70064,0,0,5890,19982,51047,89140,624,27698,130856,2.79588001734408,4.44246409028028,5.40976748529236,-0.136677139879544,0.230448921378274,3.29092455938275,2.78103693862113,2.58206336291171,2,1,5,2,8,33,1.58496250072116,1,2.58496250072116,1.58496250072116,3.16992500144231,5.08746284125034,136,152,173,140,166,187,141,173,186,145,176,191,146,174,148,178,192,40,30,19,15,256,0,6,11,0,0,0,3,7,15,14,15,28,17,15,10,11,13,56,52,38,36,36,35,0,3,20,36,28,34,8,10,20,24,19,0,0,20,23,44,54,68,54,68,51,66
"W-BZ3L3A",36.0597,-79.7128,1453584.58436,-194096.876,"NC","Guilford",265,2.51587384371168,4.17128755065286,3.24723654950676,4.39794000867204,3.45788189673399,2.60959440922522,3.86528168499561,1.07918124604762,7333,1444,2625,5773,24116,49180,199,299,604,1007,1533,3066,10772,67252,1235,2855,5893,11678,37751,71774,386,21712,115605,2.58771096501891,4.33671983236434,5.3522269103895,0.376576957056512,0.487138375477187,3.38111508070985,3.25623653320592,3.25623653320592,0,0,0,4,8,10,0,0,0,2.32192809488736,3.16992500144231,3.4594316186373,143,174,201,139,170,190,142,176,196,147,179,198,147,176,147,176,193,7,5,4,10,232,3,7,17,1.73205080756888,0,0,41,25,21,17,15,0,0,7,8,6,9,0,42,34,24,29,30,11,17,13,34,40,43,32,23,25,27,22,100,100,58,99,66,68,85,67,84,59,74
"W-BZ3L3B",36.0578,-79.7118,1453710.30568,-194287.47711,"NC","Guilford",265,2.00432137378264,4.17782497186468,3.25212455250564,4.39794000867204,3.4888326343824,2.25527250510331,3.87273882747267,2.00432137378264,7460,1935,2947,5960,27798,45849,0,0,344,807,1396,2999,9744,65162,1444,2964,5971,10010,37433,71500,375,20373,113540,2.57518784492766,4.30907630182233,5.34800484307322,0.795184589682424,0.840733234611807,3.36642295722597,3.23502315949522,3.23502315949522,0,0,0,4,8,10,0,0,0,2.32192809488736,3.16992500144231,3.4594316186373,144,177,200,140,169,193,142,174,195,147,177,198,147,177,147,176,193,17,10,11,9,236,7,7,14,2.64575131106459,0,11,22,26,22,16,15,1,11,7,9,6,9,44,36,36,29,27,29,56,51,53,38,41,39,15,16,23,27,23,56,67,64,86,53,62,82,68,84,60,75
"W-BZ3L3D",36.0563,-79.7113,1453784.00393,-194442.58158,"NC","Guilford",265,1.74036268949424,4.18252877527896,3.24278980947868,4.39794000867204,3.51174971134498,2,3.87731374331224,1.74036268949424,7539,1995,3004,6012,30077,46179,0,0,0,499,1149,2900,9382,62419,1501,3001,6009,10046,37249,71340,376,19486,112285,2.57634135020579,4.28974498515512,5.34518350125191,0.977723605288848,1.00817418400643,3.36191661866864,3.2291697025391,3.2291697025391,0,0,0,4,8,10,0,0,0,2.32192809488736,3.16992500144231,3.4594316186373,144,173,194,141,172,192,143,174,195,147,177,198,147,177,147,176,193,45,25,13,9,235,4,8,13,2,0,0,39,31,24,15,15,24,12,8,8,5,9,33,67,44,34,25,29,0,0,8,41,38,35,3,16,23,28,23,0,0,8,47,44,58,81,70,85,61,76
"W-BZ3L3E",36.056,-79.7111,1453807.57315,-194472.00263,"NC","Guilford",265,1.95904139232109,4.18361144921843,3.23854788768133,4.39794000867204,3.51627088272934,2,3.87869410039611,1.95904139232109,7563,1978,2996,6013,30153,46233,0,0,0,391,1072,2876,9262,61954,1503,3004,6015,10051,37183,71282,376,19253,111884,2.57634135020579,4.28452096747915,5.34434707326476,0.840106094456758,0.8819549713396,3.35964579267454,3.22634208716363,3.22634208716363,0,0,0,4,8,10,0,0,0,2.32192809488736,3.16992500144231,3.4594316186373,144,173,194,141,172,192,143,174,195,147,177,198,147,177,147,176,193,28,22,13,9,231,1,7,13,1,0,0,42,32,25,15,15,23,12,8,8,5,9,67,68,46,35,25,29,0,3,9,40,38,34,3,18,23,28,23,0,0,9,51,43,57,81,70,85,61,76
"W-BZ3L3F",36.0537,-79.7106,1453897.03577,-194714.09493,"NC","Guilford",265,2.54282542695918,4.19035971626532,3.2332500095411,4.39794000867204,3.54888056263751,2.45788189673399,3.88462546325623,2.54282542695918,7667,1444,2710,5914,30286,46696,0,0,0,0,424,2627,8723,59195,1410,2972,6029,10079,36941,71072,388,18119,110243,2.58994960132571,4.25815819334079,5.34048179172245,0.401400540781544,0.513217600067939,3.36267092972567,3.2332500095411,3.2332500095411,0,0,0,4,8,10,0,0,0,2.32192809488736,3.16992500144231,3.4594316186373,139,167,187,144,171,193,146,177,197,147,178,198,148,178,148,177,193,23,9,8,10,231,3,9,16,1.73205080756888,0,22,49,34,28,14,14,0,0,7,6,5,8,78,69,53,39,23,27,22,22,26,30,29,35,17,17,20,30,25,22,44,31,80,47,55,81,71,85,64,78
"W-Z3H2A",36.0714,-79.7622,1448993.07874,-193613.54747,"NC","Guilford",279,2.54032947479087,4.06814874097329,3.04727486738418,4.39794000867204,2.37291200297011,2.55144999797288,3.4432629874587,2.4996870826184,2775,1347,2526,5724,17418,35266,0,0,0,1259,3050,18397,91585,182929,1268,2876,10314,19898,49004,81581,4395,68513,179320,3.64305768375145,4.83577932333921,5.43159371849465,0.113943352306837,0.385606273598312,3.26670196688409,2.63948648926859,2.63948648926859,1,2,14,3,10,223,1,1.58496250072116,3.90689059560852,2,3.4594316186373,7.8073549220576,137,152,157,132,146,155,126,140,150,132,151,163,137,159,144,172,188,46,42,38,44,241,0,6,12,0,0,0,1,13,12,14,18,50,35,39,49,39,29,78,50,66,50,51,50,0,0,0,0,0,0,0,0,0,3,7,0,0,0,1,0,0,12,9,23,22,40
"W-Z3H2B",36.0711,-79.7647,1448778.25932,-193686.03084,"NC","Guilford",279,2.07918124604762,4.06673579535093,2.95133751879592,4.39794000867204,2.30102999566398,2.11058971029925,3.40636983546927,2.07918124604762,2549,1900,2913,5955,17059,35462,0,0,172,1026,3917,19701,96108,188599,1458,2983,10152,19784,49499,82189,4718,70487,182234,3.67384997734295,4.84811518823441,5.4339505524021,0.489958479424835,0.6232492903979,3.26646689544024,2.47421626407626,2.47421626407626,1,2,16,3,10,252,1,1.58496250072116,4.08746284125034,2,3.4594316186373,7.98299357469431,135,151,156,125,142,150,126,139,147,130,149,161,137,159,144,171,188,41,45,47,46,241,0,5,12,0,0,0,4,4,10,14,18,35,51,45,51,41,29,100,65,49,50,52,50,0,0,0,0,0,0,0,0,0,2,6,0,0,0,4,0,0,10,7,21,20,38
"W-Z3H2C",36.0713,-79.766,1448659.56165,-193685.0063,"NC","Guilford",279,1.30102999566398,4.06468256622851,2.90091306773767,4.39794000867204,2.15836249209525,2,3.3859635706007,1,2432,2001,3005,6020,16369,35561,0,0,462,1853,3663,19926,97759,191549,1504,3012,10011,19706,49734,82468,4904,71655,183859,3.69063901171597,4.85525256120641,5.43507794360691,1.04649516433471,1.08778141780954,3.25959387888595,2.37839790094814,2.37839790094814,6,3,15,3,10,258,2.8073549220576,2,4,2,3.4594316186373,8.01680828768655,122,143,156,122,139,150,126,139,147,130,149,161,137,159,144,171,188,44,45,50,47,246,0,6,12,0,0,0,4,3,9,14,18,45,56,54,52,41,30,67,55,45,48,52,51,0,0,0,0,0,0,0,0,0,2,6,0,0,0,4,0,0,8,7,21,20,38
"W-Z3H2D",36.0712,-79.7667,1448599.72573,-193707.03966,"NC","Guilford",279,1.68124123737559,4.0643831044122,2.86628733908419,4.39794000867204,2.13033376849501,2,3.37456506072277,1.68124123737559,2369,2011,3024,6037,16406,35608,0,0,538,2085,3793,20441,98277,192922,1514,3019,10020,19673,49874,82632,5001,72196,184676,3.69914368739448,4.85851915171764,5.43567080455389,0.742725131304698,0.822168079368018,3.26221370547642,2.39967372148104,2.39967372148104,6,3,19,3,11,263,2.8073549220576,2,4.32192809488736,2,3.58496250072116,8.04439411935845,122,141,156,122,139,150,126,139,147,130,149,161,137,159,144,171,188,42,50,51,49,246,0,6,12,0,0,0,0,3,7,14,18,57,54,58,52,42,30,44,43,46,49,52,51,0,0,0,0,0,0,0,0,0,2,6,0,0,0,0,0,0,8,5,19,19,37
"W-Z3H2E",36.0711,-79.7673,1448548.71809,-193727.47856,"NC","Guilford",279,2.01283722470517,4.06423329603475,2.83442070368153,4.39794000867204,2.10720996964787,2.02118929906994,3.36455099535397,2.01283722470517,2315,1993,3024,6044,16459,35647,0,0,786,2246,3956,21657,98835,194082,1514,3021,10031,19645,49996,82775,5086,72653,185367,3.70646173763135,4.86125952957838,5.43616901028325,0.471291711058939,0.60959440922522,3.26505378850401,2.43775056282039,2.43775056282039,6,3,23,3,11,267,2.8073549220576,2,4.58496250072116,2,3.58496250072116,8.06608919045777,122,140,153,125,136,146,126,138,147,129,147,159,136,158,144,171,188,69,51,51,50,248,0,6,12,0,0,0,0,4,5,15,18,59,57,59,52,42,30,0,41,44,49,53,51,0,0,0,0,0,0,0,0,0,2,6,0,0,0,0,0,0,8,5,20,19,37
"W-Z3H2F",36.0708,-79.7696,1448351.55093,-193796.76246,"NC","Guilford",273,2.49415459401844,4.06333335895175,2.69196510276736,4.39794000867204,2.02938377768521,2.49554433754645,3.32387060654051,1.90848501887865,2108,1648,2871,5999,16533,35798,117,252,1378,2672,5117,24714,99821,199235,1438,2995,10030,19518,50441,83314,5393,74386,187933,3.73191094211687,4.87149704412688,5.43794864468558,0.0606978403536117,0.357934847000454,3.27737997466725,2.61804809671209,2.3541084391474,6,2,24,5,13,268,2.8073549220576,1.58496250072116,4.64385618977472,2.58496250072116,3.8073549220576,8.07146236255662,118,132,140,123,132,146,126,139,147,127,145,157,136,158,144,171,187,70,66,59,52,249,0,6,11,0,0,0,0,3,3,14,19,77,70,62,52,42,30,0,23,30,48,53,52,0,0,0,0,0,0,0,0,0,1,6,0,0,0,0,0,0,6,3,17,17,36
"W-Z3H1A",36.0553,-79.8072,1445335.46665,-196081.05696,"NC","Guilford",181,3.2169572073611,4.1022964661536,3.39445168082622,4.39794000867204,2.98497712641549,3.38381536598043,3.33445375115093,2.39794000867204,2160,0,0,0,15648,58670,0,0,653,3451,7082,25628,90898,225478,0,0,6589,24573,55532,90691,5713,85547,212439,3.75694023604672,4.93220986076061,5.46061824144393,-1,0.139879086401237,3.38881141347352,3.21669359916975,2.53402610605613,4,0,19,2,8,235,2.32192809488736,0,4.32192809488736,1.58496250072116,3.16992500144231,7.88264304936184,137,177,190,142,178,188,139,168,179,128,152,165,134,154,143,170,184,16,23,25,32,244,0,7,9,0,0,33,50,39,22,18,22,1,3,13,25,40,34,100,99,97,75,59,62,0,0,0,0,0,0,0,0,0,0,0,0,33,0,50,0,0,19,1,19,3,25
"W-Z3H1B",36.0555,-79.8103,1445057.78439,-196108.60582,"NC","Guilford",181,3.18780263871842,4.09307130637606,3.38845645270027,4.39794000867204,2.95616843047536,3.36361197989214,3.3654879848909,1.74036268949424,2320,0,0,0,17358,58669,167,279,590,2424,6753,24540,90925,224115,0,0,6528,24196,55730,91045,5210,86693,214027,3.71692107316676,4.93798904145475,5.4622916576112,-1,0.139879086401237,3.37162192717602,3.18752072083646,2.54282542695918,4,0,19,3,9,220,2.32192809488736,0,4.32192809488736,2,3.32192809488736,7.78790255939143,142,179,194,142,180,186,133,161,172,129,152,165,134,154,143,170,184,22,29,28,33,256,0,7,11,0,0,22,23,29,23,18,23,0,6,9,25,40,34,100,100,94,75,60,63,0,0,0,0,0,0,0,0,0,0,0,0,22,0,23,0,0,21,0,18,2,25
"W-Z3H1C",36.0555,-79.8109,1445004.79745,-196118.1467,"NC","Guilford",182,3.182129214053,4.09131515969722,3.38219721037745,4.39794000867204,2.95279244304409,3.35888620440587,3.37217528611506,1,2356,0,0,0,17804,58629,200,300,600,2229,6508,24350,90714,223586,0,0,6531,24112,55765,91113,5119,86863,214286,3.70926996097583,4.9388398243116,5.46263305232499,-1,0.139879086401237,3.36810085170935,3.182129214053,2.53529412004277,2,0,19,3,9,217,1.58496250072116,0,4.32192809488736,2,3.32192809488736,7.76818432477693,142,179,192,138,173,185,131,159,171,130,153,166,134,154,143,169,184,29,29,29,33,255,1,8,11,1,0,0,31,29,23,18,23,0,7,10,26,40,34,100,100,93,74,60,63,0,0,0,0,0,0,0,0,0,0,0,0,0,0,31,0,0,21,0,18,2,25
"W-Z3H1D",36.0555,-79.811,1444995.96629,-196119.73681,"NC","Guilford",182,3.18127177155946,4.09103351605447,3.38111508070985,4.39794000867204,2.95230800966213,3.35812528527665,3.3732798932775,1,2362,0,0,0,17858,58622,199,299,600,2261,6482,24355,90682,223490,0,0,6531,24097,55771,91125,5104,86891,214328,3.70799574642293,4.93897979352819,5.46268992536183,-1,0.139879086401237,3.36754227352058,3.18127177155946,2.53402610605613,2,0,19,3,9,217,1.58496250072116,0,4.32192809488736,2,3.32192809488736,7.76818432477693,142,179,192,138,173,185,131,159,171,130,153,166,134,154,143,169,184,29,29,29,33,255,0,7,10,0,0,0,31,29,23,18,23,0,7,10,26,40,34,100,100,93,74,60,63,0,0,0,0,0,0,0,0,0,0,0,0,0,0,31,0,0,21,0,18,2,25
"W-Z3H1E",36.0556,-79.8118,1444923.35878,-196121.58164,"NC","Guilford",182,3.17753649992986,4.08852589243126,3.3714373174041,4.39794000867204,2.94101424370557,3.35372393758895,3.38111508070985,1.90308998699194,2405,0,0,0,18177,58519,119,252,577,2439,6159,24561,90774,222769,0,0,6491,23967,55817,91207,4997,87106,214722,3.69879625179043,4.94005305672085,5.46314613672635,-1,0.136720567156407,3.36530074863799,3.17753649992986,2.55509444857832,5,0,19,3,9,213,2.58496250072116,0,4.32192809488736,2,3.32192809488736,7.74146698640115,138,181,192,138,173,185,130,159,171,130,153,166,134,154,143,169,184,32,26,30,33,256,0,8,11,0,0,33,26,26,22,18,23,0,5,9,28,39,34,100,100,94,71,60,63,0,0,0,0,0,0,0,0,0,0,0,0,33,0,26,0,0,20,0,18,2,25
"W-Z3H1F",36.0556,-79.8147,1444667.25423,-196167.68835,"NC","Guilford",193,3.16106838547117,4.07994059715236,3.34242268082221,4.39794000867204,2.91434315711944,3.33041377334919,3.41413736218448,1.93449845124357,2595,0,0,106,19802,57974,101,244,574,2421,4884,23427,89491,218556,0,0,6476,23452,55969,91517,4663,87759,215756,3.66875854175096,4.94329661456665,5.4647726258898,-1,0.136720567156407,3.35256838617931,3.16106838547117,2.53907609879278,5,0,22,3,9,197,2.58496250072116,0,4.52356195605701,2,3.32192809488736,7.62935662007961,138,181,192,136,169,182,127,156,169,130,153,168,134,154,143,169,183,35,32,27,36,261,1,8,12,1,0,11,26,30,21,19,24,15,7,11,34,38,34,100,85,93,66,62,64,0,0,0,0,0,0,0,0,0,0,0,0,11,0,26,0,0,20,0,19,2,26
"W-Z3R1",36.0715,-79.8886,1437830.62648,-195610.3645,"NC","Guilford",45308,3.20709554041922,3.72623804680264,3.07371835034612,4.39794000867204,1.83884909073726,3.21827285357145,3.93510402115145,2.41995574848976,8612,0,0,0,11190,25838,0,0,284,847,1463,6279,30195,106219,0,0,5039,9736,45711,104569,3716,55695,188907,3.57019256109573,4.74582400594021,5.50573588047544,-0.207608310501746,0.222716471147583,3.70782556833223,3.22427401429426,2.9982593384237,0,0,4,0,5,28,0,0,2.32192809488736,0,2.58496250072116,4.85798099512757,149,178,193,144,167,179,141,172,178,131,158,163,136,162,141,166,180,32,27,31,39,279,2,10,10,1.4142135623731,0,44,35,35,30,31,36,1,16,29,29,34,25,100,99,84,69,59,65,0,0,0,0,0,2,0,0,0,0,4,0,44,0,35,0,2,34,6,37,11,47
"W-Z4R2",36.1253,-80.0919,1418839.01694,-192952.76325,"NC","Forsyth",47285,3.20493352235414,4.06911285138712,2.84198480459011,3.91126417099837,2.94546858513182,3.20924684875337,4.14653112200745,2.86451108105839,14013,0,0,0,10827,24315,0,0,0,0,696,2903,15661,38528,0,0,5413,10523,52061,89449,1396,25259,63469,3.14519640611418,4.40243334621931,5.21126474795336,-1,-0.267606240177031,3.4798631130231,3.22089224921952,3.21537315278342,0,0,0,0,3,17,0,0,0,0,2,4.16992500144231,161,189,209,158,182,202,146,169,187,141,167,182,146,174,148,177,200,1,1,4,8,287,0,10,14,0,0,33,11,23,48,38,34,0,0,0,2,11,8,33,11,28,64,56,47,67,83,67,37,36,20,35,18,13,11,17,67,100,89,100,72,33,81,33,71,47,81
"W-Z4R3",36.1669,-80.2161,1407079.31832,-190356.84989,"NC","Forsyth",46993,3.50514997831991,3.58274496569128,3.15685190107001,3.58353881925435,3.13225968953104,3.50691072555152,3.92059286208481,3.12807601266872,8329,0,0,0,0,14322,0,0,0,0,0,1884,21615,75434,0,0,0,7165,45266,95048,915,24845,119985,2.96189547366785,4.39525648088602,5.36949787164299,-1,-0.387216143280264,3.84948083724399,3.51454775266029,3.19117145572856,0,0,0,0,0,15,0,0,0,0,0,4,151,178,202,152,186,203,156,187,203,151,178,200,145,179,146,177,195,18,8,6,4,291,2,11,18,1.4142135623731,1.4142135623731,89,76,49,48,43,34,0,0,0,0,3,7,100,80,55,45,52,44,0,6,20,42,37,41,3,11,13,11,13,0,89,20,96,45,54,97,45,88,50,84
"W-Z4R1",36.1515,-80.2055,1408309.01334,-191868.69388,"NC","Forsyth",47030,3.50160692241883,3.40619942366331,2.69722934275972,3.51587384371168,2.77815125038364,3.50324577146511,3.85211386084976,2.7481880270062,7114,0,0,0,0,12743,0,0,0,0,1856,6691,25905,88921,0,0,0,12547,51264,100433,1600,32952,133789,3.2043913319193,4.51789495835757,5.3844573599305,-1,-0.301029995663981,3.75273969393533,3.52994340165867,2.8992731873176,0,0,2,0,0,22,0,0,1.58496250072116,0,0,4.52356195605701,142,176,190,146,178,192,150,178,193,149,182,195,145,176,146,175,194,9,21,16,16,292,1,9,17,1,0,89,54,72,73,47,38,20,8,4,7,6,7,89,80,92,87,58,51,0,0,0,0,2,5,0,0,2,10,11,0,89,0,54,0,7,74,35,82,41,79
"W-Z4H1A",36.1163,-80.2241,1407339.11035,-195987.90226,"NC","Forsyth",46982,2.96661098668193,3.26363606858811,3.07481644064517,3.85278486868055,3.0265332645233,2.96801571399364,3.46389298898591,1.99122607569249,2910,0,0,4713,20566,40156,43,226,566,1729,4512,17549,65571,148291,0,2355,10193,23968,68189,105668,4780,59295,167556,3.67951874369579,4.7730253976388,5.41315217949246,-0.283996656365201,0.181843587944773,3.2135177569963,2.98989456371877,2.59988307207369,4,1,23,4,19,187,2.32192809488736,1,4.58496250072116,2.32192809488736,4.32192809488736,7.55458885167764,140,168,192,142,166,185,139,165,186,133,158,177,139,163,147,172,192,12,23,26,26,267,0,13,17,0,0,67,49,35,38,32,38,0,4,8,10,24,18,100,100,96,90,65,63,0,0,0,0,0,0,0,0,0,2,4,0,67,0,49,0,0,37,9,41,18,56
"W-Z4H1B",36.1136,-80.224,1407399.47656,-196280.22223,"NC","Forsyth",46980,3.03422726077055,3.32878720035453,3.00346053210951,3.86646456597174,3.05384642685225,3.0386201619497,3.42797271360821,1.90848501887865,2679,0,0,4799,21897,40721,116,436,963,1875,4635,19610,65344,151515,0,2394,10924,24134,68595,105886,4960,60415,167985,3.69556922703619,4.78115196828196,5.41457060370804,-0.2518119729938,0.201397124320452,3.15624619039734,3.05918461763137,2.15228834438306,6,0,21,6,23,195,2.8073549220576,0,4.4594316186373,2.8073549220576,4.58496250072116,7.61470984411521,139,163,185,140,166,183,137,163,182,133,157,175,139,163,147,171,192,35,31,31,27,284,8,15,17,2.82842712474619,0,44,31,25,33,32,38,9,14,10,10,25,18,100,90,86,90,65,64,0,0,0,0,0,0,0,0,0,2,4,0,44,0,31,0,0,34,11,43,18,56
"W-Z4H1C",36.1131,-80.2241,1407400.18872,-196336.19116,"NC","Forsyth",46980,3.03622954408629,3.34024576156793,2.98677173426624,3.86934908075909,3.05461305455689,3.0386201619497,3.4201208480857,1.39794000867204,2631,0,0,4841,22069,40818,193,463,983,2005,4633,20139,65511,152798,0,2419,11339,24149,68658,105913,4978,60716,168122,3.69714212627546,4.78331030512009,5.4148747853472,-0.236572006437063,0.209515014542631,3.14301480025409,3.05269394192497,2.03742649794062,6,0,17,6,24,200,2.8073549220576,0,4.16992500144231,2.8073549220576,4.64385618977472,7.65105169117893,139,163,185,140,166,183,137,163,182,132,157,175,139,163,147,171,192,36,33,30,27,285,9,16,17,3,0,67,20,26,33,32,37,12,14,11,11,25,18,100,88,86,89,65,63,0,0,0,0,0,0,0,0,0,2,4,0,67,0,20,0,0,33,11,43,18,55
"W-Z4H1D",36.1128,-80.2241,1407405.91483,-196368.84328,"NC","Forsyth",47002,3.03901732199741,3.34674405460485,2.97863694838447,3.87087189506774,3.05690485133647,3.04020662757471,3.41597441137657,1,2606,0,0,4848,22168,40868,200,466,986,2044,4450,20380,65675,153783,0,2424,11555,24161,68697,105933,4969,60862,168165,3.69635638873333,4.78435335537238,5.41503013661312,-0.236572006437063,0.212187604403958,3.13672056715641,3.05153839051533,2.02118929906994,6,0,15,6,24,202,2.8073549220576,0,4,2.8073549220576,4.64385618977472,7.66533591718518,140,161,180,140,164,181,136,161,180,132,155,174,139,162,147,171,192,40,33,30,27,286,10,16,17,3.16227766016838,0,44,19,27,33,32,37,11,13,11,11,25,18,77,89,87,89,65,63,0,0,0,0,0,0,0,0,0,2,4,0,44,0,19,0,0,33,11,43,18,55
"W-Z4H1E",36.1125,-80.2241,1407411.64093,-196401.49541,"NC","Forsyth",47002,3.04139268515822,3.35314654621398,2.97081161087252,3.87244764778901,3.05956341790127,3.04178731897175,3.41161970596323,1.61278385671974,2580,0,0,4855,22263,40917,183,461,985,2073,4393,20593,65807,154201,0,2429,11658,24171,68736,105951,4958,61006,168206,3.69539410829111,4.78537966922318,5.41518543232828,-0.229147988357856,0.214843848047698,3.13033376849501,3.05037975626146,2.04532297878666,6,0,15,6,25,203,2.8073549220576,0,4,2.8073549220576,4.70043971814109,7.6724253419715,140,161,180,140,164,181,136,161,180,132,155,174,139,162,147,171,192,45,33,30,27,287,10,17,17,3.16227766016838,0,33,22,28,32,32,37,9,13,11,11,25,18,44,91,87,88,65,63,0,0,0,0,0,0,0,0,0,2,4,0,33,0,22,0,0,32,11,43,18,55
"W-Z4H1F",36.1099,-80.2241,1407461.26724,-196684.48085,"NC","Forsyth",47002,3.04610478724604,3.40517554621799,2.91750550955255,3.88564387183576,3.08170727009735,3.04453976039241,3.37493155397819,1.7481880270062,2371,0,0,4860,23041,41275,164,402,963,2432,4952,21566,67262,158948,0,2421,12220,24214,69051,106099,4704,62199,168524,3.67255962776328,4.79379038469082,5.41644910936276,-0.173925197299174,0.250420002308894,3.07990446766672,3.05804623039528,2.16136800223497,8,0,23,6,25,208,3.16992500144231,0,4.58496250072116,2.8073549220576,4.70043971814109,7.70735913208088,142,158,179,139,162,180,135,159,179,131,154,173,139,162,147,171,192,24,27,31,29,282,11,18,16,3.3166247903554,0,56,30,21,28,32,37,0,8,10,17,24,18,100,100,92,81,65,64,0,0,0,0,0,0,0,0,0,2,4,0,56,0,30,0,0,28,11,43,17,54
"W-Z4H2A",36.1185,-80.2303,1406749.60895,-195844.45005,"NC","Forsyth",46971,2.50514997831991,3.24402958903002,3.04727486738418,3.86433305503339,2.66931688056611,2.51321760006794,3.45408227073109,1,2845,1446,2651,5963,18871,40037,199,299,602,2817,6370,20785,69739,154629,1335,2977,9261,23334,67657,105151,4835,62345,170939,3.68448629218873,4.79480859520585,5.41373551669487,0.181843587944773,0.376576957056512,3.19256745333655,2.63548374681491,2.58771096501891,7,6,36,4,19,200,3,2.8073549220576,5.20945336562895,2.32192809488736,4.32192809488736,7.65105169117893,137,159,176,132,155,172,131,155,174,131,151,169,139,163,147,172,192,24,25,28,34,279,1,10,16,1,0,56,47,33,25,30,40,0,10,20,22,28,19,100,100,90,77,65,66,0,0,0,0,0,1,0,0,0,2,3,0,56,0,47,0,1,28,7,37,15,55
"W-Z4H2B",36.1196,-80.2322,1406560.83733,-195754.13487,"NC","Forsyth",45983,2.04532297878666,3.23829706787539,3.08098704691089,3.86640549837805,2.43933269383026,2.06445798922692,3.46164856806346,2.04532297878666,2895,1920,2970,6186,16346,39909,0,0,1248,3137,6071,21232,70113,155969,1493,3090,8065,23075,67366,104949,4682,63118,171856,3.67052415778208,4.80016010968929,5.41335006554824,0.570542939881898,0.656098202012832,3.21138755293686,2.43136376415899,2.43136376415899,10,6,47,4,17,200,3.4594316186373,2.8073549220576,5.58496250072116,2.32192809488736,4.16992500144231,7.65105169117893,127,154,169,129,157,175,130,157,177,130,152,168,140,163,147,172,192,33,32,36,36,287,5,11,18,2.23606797749979,1,11,16,24,22,30,41,36,33,30,25,29,19,89,63,66,75,65,67,0,0,0,0,0,1,0,0,0,2,3,0,11,0,16,0,1,26,6,36,14,55
"W-Z4H2C",36.12,-80.2329,1406491.3914,-195721.43263,"NC","Forsyth",45680,1.53147891704226,3.23779499327392,3.09516935143176,3.86729066985488,2.31175386105575,2,3.46478751964594,1.53147891704226,2916,2004,3051,6255,15442,39871,128,251,1354,3366,6589,21504,70389,156629,1530,3125,7535,22976,67255,104872,4665,63395,172168,3.66894473445773,4.80206185673456,5.41317901678472,0.948901760970214,0.986323777050765,3.21958452621425,2.36361197989214,2.36361197989214,13,6,48,4,15,196,3.8073549220576,2.8073549220576,5.61470984411521,2.32192809488736,4,7.62205181945638,125,146,165,128,152,169,130,154,173,130,150,166,140,163,147,172,192,39,41,41,36,293,9,12,17,3,1.4142135623731,0,4,19,23,30,42,66,43,32,25,29,19,0,34,57,74,65,68,0,0,0,0,0,1,0,0,0,2,3,0,0,0,4,0,1,25,6,36,14,56
"W-Z4H2D",36.1204,-80.2337,1406413.11537,-195690.27746,"NC","Forsyth",45680,1.55630250076729,3.2397998184471,3.10856502373283,3.86858566655877,2.09691001300806,2,3.4679039465228,1,2937,2053,3124,6323,14952,39840,200,302,1124,3539,6785,21560,70698,157499,1560,3161,7301,22863,67149,104787,4670,63722,172533,3.66940986728778,4.80429621365728,5.41300454473353,0.801403710017355,0.851869600729766,3.22814360759774,2.3384564936046,2.29225607135648,13,6,46,4,13,187,3.8073549220576,2.8073549220576,5.55458885167764,2.32192809488736,3.8073549220576,7.55458885167764,125,146,165,122,151,169,128,154,173,128,150,166,140,163,147,172,192,69,58,46,37,295,8,12,18,2.82842712474619,1.73205080756888,0,1,18,22,30,42,82,47,33,25,29,19,0,17,52,74,66,68,0,0,0,0,0,1,0,0,0,2,3,0,0,0,1,0,1,24,6,36,14,56
"W-Z4H2E",36.1207,-80.2342,1406363.23945,-195665.36301,"NC","Forsyth",45669,1.95904139232109,3.24029958200271,3.0899051114394,3.86923171973098,1.86923171973098,2.00432137378264,3.47085132452612,1.79934054945358,2957,2060,3162,6359,14553,39801,160,285,1192,3755,7382,21500,70803,158142,1578,3181,7113,22783,67069,104725,4677,63895,172739,3.67006021747313,4.80547367142441,5.41285182417034,0.52244423350632,0.612783856719735,3.23527587668705,2.34830486304816,2.26717172840301,15,3,43,4,13,189,4,2,5.4594316186373,2.32192809488736,3.8073549220576,7.56985560833095,123,142,163,122,153,170,128,155,174,128,151,167,140,164,147,172,192,62,60,47,37,293,6,12,19,2.44948974278318,2,0,14,18,22,31,42,73,48,33,25,29,19,0,28,52,74,67,68,0,0,0,0,0,0,0,0,0,1,2,0,0,0,14,0,0,22,5,36,13,55
"W-Z4H2F",36.1221,-80.2364,1406142.2634,-195547.02848,"NC","Forsyth",45633,2.53147891704225,3.24674470972384,2.99651167215418,3.8718647020882,1.97772360528885,2.54032947479087,3.48600518636224,1,3062,1794,3225,6466,12824,39514,200,399,1176,4548,8556,21080,70646,161659,1606,3238,6434,22356,66688,104423,4598,64465,173556,3.66266340957404,4.80933072385124,5.41205714669016,0.0969100130080564,0.294466226161593,3.27067883614471,2.56229286445647,2.47712125471966,17,3,42,1,11,183,4.16992500144231,2,5.4262647547021,1,3.58496250072116,7.52356195605701,120,147,163,125,150,167,127,152,169,128,149,165,140,164,147,172,192,36,32,38,39,279,0,10,17,0,0,0,32,27,21,32,43,15,26,34,27,28,19,100,85,75,73,67,69,0,0,0,0,0,0,0,0,0,1,2,0,0,0,32,0,0,23,4,36,13,56
"W-BZ1R4",36.1569,-80.3463,1395777.3592,-193453.23508,"NC","Forsyth",46989,3.82594514320385,4.06137707419389,3.07881918309885,4.19248381990266,3.64286005258449,3.82769228867445,4.06280753317216,2.42975228000241,11556,0,0,0,0,0,0,0,257,791,1327,3444,16138,48780,0,0,0,0,32529,77771,1554,30098,111337,3.19173039336286,4.47855206696606,5.34435689984329,-1,-0.744727494896694,3.96576596418269,3.83903787338831,3.18012587516405,0,0,0,0,0,8,0,0,0,0,0,3.16992500144231,150,182,204,144,179,201,143,177,197,146,179,198,152,183,150,178,199,10,4,6,9,252,2,12,14,1.4142135623731,0,33,26,26,58,39,37,0,0,0,1,3,1,33,34,37,72,48,44,67,46,50,47,23,15,16,12,12,14,14,67,100,66,92,63,27,83,49,88,54,91
"W-BZ1R5",36.082,-80.3431,1397478.79612,-201558.05476,"NC","Forsyth",2158,3.00817418400643,4.0893751608161,2.74896286125616,4.25210024883279,3.55424680816611,3.00860017176192,3.9604707775343,1.79239168949825,9130,0,0,4252,22922,40202,149,262,582,1005,2613,7526,18007,81110,0,2153,10370,18993,41789,92478,2999,42606,149698,3.47712125471966,4.62948095618324,5.38811719411704,-0.455931955649724,-0.0362121726544448,3.55894844597804,3.04999285692014,2.71767050300226,0,0,5,0,3,14,0,0,2.58496250072116,0,2,3.90689059560852,137,175,193,146,174,197,146,172,195,151,172,195,148,173,151,175,196,59,47,36,22,240,0,8,16,0,0,22,31,33,55,50,44,49,34,19,15,8,11,55,51,57,80,70,61,0,0,0,7,6,4,3,1,0,8,10,0,22,0,31,10,4,61,23,73,29,73
"W-BZ4N1C",36.1131,-80.123,1416327.86344,-194765.45244,"NC","Forsyth",47160,1.79239168949825,3.96189547366785,3.35659943572497,3.84497393814689,3.26316246496222,2,4.04099769242349,1.79239168949825,10990,1978,2986,5993,12018,33484,0,0,0,94,989,3031,19229,53122,1496,2998,6008,18998,54973,97100,1120,22883,89692,3.04960561259497,4.35953193909363,5.28709374566121,0.477121254719662,0.528916700277655,3.73996769675951,3.24154648059655,3.17551181336345,0,0,0,0,2,16,0,0,0,0,1.58496250072116,4.08746284125034,139,175,203,143,169,200,146,181,203,151,178,195,148,175,147,175,198,0,8,10,5,261,0,11,15,0,0,0,24,34,35,45,38,0,0,0,0,4,5,0,42,55,50,55,49,100,57,45,28,38,32,18,13,18,14,17,100,100,58,82,46,50,92,40,85,47,85
"W-BZ4N1B",36.1136,-80.1231,1416309.42978,-194712.60144,"NC","Forsyth",47160,2.06818586174616,3.96085115371969,3.34693946269899,3.84185980977506,3.25042000230889,2.07554696139253,4.04103720786703,2.06818586174616,10991,1934,2956,5979,12005,33247,0,0,0,0,891,2591,19084,53279,1483,2992,6002,18994,54996,97049,1139,22868,89724,3.05690485133647,4.35924717448969,5.28675951680882,0.305351369446624,0.378397900948138,3.74075732330777,3.23904909314019,3.18977095634687,0,0,0,0,2,16,0,0,0,0,1.58496250072116,4.08746284125034,139,175,203,143,169,200,146,181,203,151,178,195,148,175,147,175,198,9,7,10,5,259,0,9,14,0,0,0,16,30,34,45,38,0,0,0,0,4,5,22,35,52,51,55,49,77,62,46,27,39,32,21,15,17,14,17,77,77,65,81,48,49,92,40,85,47,85
"W-BZ4N1A",36.1156,-80.1232,1416262.1845,-194496.52192,"NC","Forsyth",47160,2.52891670027765,3.95808584852109,3.30427505047713,3.83026780093364,3.19865708695442,2.53147891704225,4.04241798814325,2.52891670027765,11026,1434,2658,5838,11915,32233,0,0,0,0,0,2343,17548,52392,1344,2925,5958,18652,54671,96785,1211,22807,89484,3.08350261983027,4.3580872043014,5.2848366376424,-0.0177287669604316,0.12057393120585,3.74201774714014,3.2405492482826,3.2405492482826,0,0,0,0,2,14,0,0,0,0,1.58496250072116,3.90689059560852,133,178,196,143,184,202,146,183,205,150,177,195,148,175,147,175,198,24,14,7,5,255,0,11,13,0,0,0,15,16,34,44,38,0,0,0,0,4,4,100,54,34,52,54,49,0,14,23,40,37,32,27,28,16,14,17,0,0,46,61,67,48,91,41,85,48,86
"W-BZ4N1D",36.1121,-80.1232,1416329.41194,-194877.38872,"NC","Forsyth",47160,1.50514997831991,3.96232197272958,3.3773062510682,3.84984919560526,3.28397928423848,2,4.03953308766939,1.50514997831991,10953,1993,2995,5997,12030,33911,0,0,0,541,1170,3795,19489,52806,1496,2998,6014,19115,55327,97235,1079,22865,90033,3.03342375548695,4.35919019915581,5.28855996367323,0.686636269262293,0.720159303405957,3.74146676176975,3.23879856271392,3.15228834438306,0,0,0,0,2,16,0,0,0,0,1.58496250072116,4.08746284125034,150,178,203,145,169,200,146,181,203,151,178,196,148,175,147,175,198,23,11,9,6,266,0,10,16,0,0,56,47,37,38,45,38,0,0,0,0,4,5,89,61,55,49,55,49,11,25,34,32,36,31,13,12,19,14,17,11,67,39,86,45,50,91,40,85,47,85
"W-BZ4N1E",36.1113,-80.1233,1416335.94834,-194966.0027,"NC","Forsyth",47160,2.08278537031645,3.962984584317,3.37984917876283,3.85394144588049,3.30059548388996,2.13353890837022,4.03858042596158,2.08278537031645,10929,1932,2955,5977,12027,34240,0,0,43,718,1282,4121,19588,52472,1472,2986,6012,19117,55478,97321,1045,22857,90269,3.01953168453126,4.35903822837938,5.2896112463483,0.330413773349191,0.403120521175818,3.74241088058049,3.23929947912689,3.13257984765974,0,0,0,0,2,16,0,0,0,0,1.58496250072116,4.08746284125034,153,169,203,144,166,199,146,177,200,151,178,196,148,175,147,175,198,14,14,10,6,271,1,10,16,1,0,100,58,44,41,46,38,0,0,0,0,4,5,100,84,62,49,56,49,0,11,15,33,34,31,6,12,20,14,17,0,100,16,74,39,51,91,39,85,48,86
"W-BZ4N1F",36.109,-80.1233,1416380.12622,-195216.28731,"NC","Forsyth",47160,2.57518784492766,3.96628256216746,3.39252108993193,3.86658267706355,3.34830486304816,2.59217675739587,4.03702787975578,1.85125834871908,10890,1283,2577,5798,11958,35113,134,252,566,971,1474,4721,19557,51060,1271,2893,5978,18517,55539,97563,951,22852,90651,2.97863694838447,4.35894321963233,5.29217851184526,-0.0315170514460649,0.130333768495006,3.74350976472843,3.25285303097989,3.07077646284343,0,0,0,0,2,16,0,0,0,0,1.58496250072116,4.08746284125034,150,171,195,148,165,195,149,175,199,151,179,198,148,175,148,175,197,9,10,7,6,280,2,11,16,1.4142135623731,0,78,57,43,44,46,38,0,0,0,0,4,5,89,76,59,52,56,49,11,25,24,38,30,29,3,14,20,14,17,11,89,24,81,41,49,91,39,85,47,85
"W-BZ4N2F",36.0801,-80.1238,1416891.06886,-198368.99928,"NC","Forsyth",47158,2.72835378202123,4.02464983117944,3.17840134153376,4.00676545245199,3.71432975974523,2.88592633980143,4.03590979845661,2.72835378202123,10862,0,2059,5586,12419,48697,0,0,0,0,0,6727,20894,47911,0,2553,5883,17368,54704,99675,1379,19843,86597,3.13987908640124,4.29762921836415,5.32187999892005,-0.0604807473813815,0.143014800254095,3.77356704892606,2.98989456371877,2.98989456371877,0,1,1,0,2,16,0,1,1,0,1.58496250072116,4.08746284125034,155,181,206,151,173,194,150,172,196,150,174,192,149,174,149,173,197,15,14,11,10,279,1,9,14,1,0,100,85,69,50,38,32,0,2,1,2,3,3,100,93,79,62,50,42,0,0,7,15,14,19,5,9,17,24,24,0,100,7,92,20,36,82,47,85,56,88
"W-BZ4N2E",36.0761,-80.1228,1417056.24042,-198788.69423,"NC","Forsyth",47181,1.95904139232109,4.03778494175364,3.03901732199741,4.02530586526477,3.74640064449156,2.4996870826184,4.04245737457432,1.95904139232109,11027,1957,2971,5985,15188,48431,0,0,0,0,544,6026,21938,47714,1350,2925,6010,16213,53544,99544,1299,18622,84123,3.11394335230684,4.27004964326716,5.32467746300165,0.503790683057181,0.569373909615046,3.77217496082461,2.96142109406645,2.96142109406645,0,1,1,0,2,14,0,1,1,0,1.58496250072116,3.90689059560852,158,176,205,156,174,201,151,170,191,148,174,193,149,174,150,173,197,2,8,9,11,265,0,8,13,0,0,67,51,41,45,37,30,0,1,1,2,3,3,67,63,54,61,48,39,33,35,36,32,24,16,13,16,21,24,25,33,100,36,87,45,37,79,47,84,57,87
"W-BZ4N2D",36.0756,-80.1228,1417065.84484,-198843.10523,"NC","Forsyth",47181,1.54406804435028,4.03905701803344,3.02160271602824,4.02739038468497,3.74973631556906,2.41830129131975,4.04285104255079,1.54406804435028,11037,1991,2994,5997,15602,48362,0,0,0,0,769,5662,22406,47758,1397,2948,6016,16069,53440,99545,1276,18480,83931,3.10619089726342,4.26672546703192,5.32517893410795,0.742725131304698,0.781755374652469,3.77136697085778,2.95999483832842,2.95999483832842,0,1,3,0,2,14,0,1,2,0,1.58496250072116,3.90689059560852,158,176,205,156,174,201,151,168,191,148,174,193,149,174,150,173,197,10,12,9,11,267,0,8,12,0,0,67,43,39,46,37,30,5,1,1,2,3,3,78,63,56,60,48,39,22,30,31,30,22,15,13,19,22,25,26,22,89,31,74,43,37,78,48,85,58,88
"W-BZ4N2C",36.0749,-80.123,1417061.62255,-198922.39941,"NC","Forsyth",47181,1.30102999566398,4.04028579893249,3.00302947055362,4.03003270493617,3.75358305889291,2.27875360095283,4.04277233749767,1.30102999566398,11035,1996,2997,5999,16160,48219,0,0,0,0,987,5677,22816,47879,1445,2972,6021,15837,53358,99577,1240,18295,83835,3.09377178149873,4.26235615159869,5.32608381506274,0.893761762057943,0.921686475483602,3.76893394218678,2.95133751879592,2.95133751879592,0,1,3,0,2,16,0,1,2,0,1.58496250072116,4.08746284125034,154,175,200,156,177,201,151,166,191,148,174,193,149,174,150,173,197,31,13,10,10,271,0,8,15,0,0,33,41,39,45,37,30,5,1,1,2,3,3,89,63,61,57,48,39,0,0,12,25,20,15,12,19,25,25,26,0,33,32,73,37,40,79,48,85,58,88
"W-BZ4N2B",36.0744,-80.1229,1417080.06117,-198975.25109,"NC","Forsyth",47181,1.8750612633917,4.04186620272129,2.98362628712453,4.03221570329798,3.75732009654667,2.12710479836481,4.04355874691473,1.8750612633917,11055,1969,2980,5991,16470,48054,0,0,0,0,1101,5693,22941,47868,1472,2985,6022,15659,53215,99555,1218,18149,83554,3.08600370561838,4.25887662937213,5.32647514059627,0.583198773968623,0.638489256954637,3.76886000084296,2.95808584852109,2.95085145888855,0,1,3,0,2,16,0,1,2,0,1.58496250072116,4.08746284125034,154,178,198,155,175,198,151,166,188,148,174,193,149,173,150,173,197,16,14,11,10,271,0,8,15,0,0,67,42,38,44,36,30,5,1,1,2,3,3,67,61,64,55,47,39,0,0,4,20,18,16,14,20,27,25,26,33,100,33,75,34,43,81,48,84,58,88
"W-BZ4N2A",36.072,-80.1231,1417108.49301,-199239.54328,"NC","Forsyth",47181,2.5327543789925,4.04750850559401,2.91487181754005,4.04178731897175,3.772395061082,2.08278537031645,4.04516644806523,2.38560627359831,11096,1416,2647,5833,17855,46467,0,0,349,874,1683,5765,23477,47935,1483,2993,5999,14447,52720,99509,1095,17522,82753,3.03981055414835,4.24360846095936,5.32890125897313,0.117271295655764,0.269512944217916,3.76454971906447,2.98136550907854,2.88309335857569,0,1,3,0,3,19,0,1,2,0,2,4.32192809488736,157,175,193,154,172,193,148,164,186,147,174,193,149,173,150,173,197,8,11,12,9,277,0,8,16,0,0,100,64,54,38,36,29,0,0,1,3,3,3,100,79,75,49,47,38,0,14,12,4,7,16,20,26,31,25,27,0,100,21,85,24,47,83,48,84,58,87
"W-BZ3R4",36.0701,-79.8671,1439756.48701,-195422.23711,"NC","Guilford",45309,3.03662889536216,3.84911216618458,2.99651167215418,4.39794000867204,2.72754125702856,3.3600250891894,3.82451632800721,1,6676,0,0,2119,15103,29729,200,410,1123,1965,3036,9298,48957,147691,0,0,4483,9286,54444,101277,3288,71104,211880,3.51706387348265,4.85190014075874,5.49102673766143,0.547774705387823,0.651278013998144,3.50433491180246,3.03742649794062,2.14921911265538,4,0,4,0,7,63,2.32192809488736,0,2.32192809488736,0,3,6,120,127,142,120,135,147,125,143,153,135,162,172,137,164,140,164,178,85,89,74,55,273,1,6,12,1,0,0,0,5,16,35,37,97,82,67,51,28,25,0,3,19,47,68,70,0,0,0,0,0,2,0,0,0,0,1,0,0,0,0,0,2,20,3,38,4,41
"W-BZ3R5",36.0746,-79.8365,1442370.52422,-194447.5481,"NC","Guilford",3001,2.35793484700045,3.97515597840669,1.53147891704226,4.39794000867204,3.18582535961296,3.4884096889032,3.59538598080914,1,3939,1811,3107,6383,12913,29606,396,597,1199,2754,5893,23004,85536,214753,0,0,0,11493,55561,91471,3418,85831,228818,3.53389910079659,4.9336492322831,5.46997803952504,0.463892988985907,0.588831725594207,2.60097289568675,2.60097289568675,2.48855071650044,8,4,21,7,17,148,3.16992500144231,2.32192809488736,4.4594316186373,3,4.16992500144231,7.21916852046216,159,181,200,158,181,200,154,179,201,139,159,177,138,163,141,165,180,18,18,18,19,243,0,7,15,0,0,67,53,62,57,33,33,0,1,3,3,28,28,100,100,99,96,72,70,0,0,0,0,0,0,0,0,0,0,0,0,67,0,53,0,0,56,1,34,2,35
"W-BZ3R6",36.1004,-80.2766,1403005.07556,-198530.35764,"NC","Forsyth",46939,2.86981820797933,3.78518742002936,2.60314437262018,4.07085025342757,2.84073323461181,2.86923171973098,3.48911436937892,1,3084,0,219,4623,11661,47932,199,300,600,2098,4532,17716,70155,186892,239,2328,5860,24058,65386,103339,2812,71622,185479,3.4491697321652,4.8550525079096,5.42037002959601,-0.283996656365201,0.136720567156407,2.87157293554588,2.87157293554588,2.61804809671209,7,3,15,2,13,152,3,2,4,1.58496250072116,3.8073549220576,7.25738784269265,161,188,203,158,183,198,154,176,188,149,176,189,141,165,147,171,190,11,11,10,20,279,6,13,19,2.44948974278318,0,100,100,96,75,51,45,0,0,6,11,15,21,100,100,100,89,81,74,0,0,0,0,0,0,0,0,0,0,1,0,100,0,100,0,0,68,3,54,5,50
"370670022",36.1105,-80.2266,1407229.02163,-196657.89321,"NC","Forsyth",47002,2.9484129657786,3.39880773020326,2.80140371001736,3.89030921689995,2.98811284026835,2.94596070357757,3.35506820634885,2.12385164096709,2265,0,0,5479,22879,41409,0,130,1033,3466,5738,23262,69132,159764,0,2741,11416,24078,68902,105906,5065,63383,170148,3.70466518545453,4.80197964291853,5.41702970036503,-0.0915149811213503,0.269512944217916,3.01619735351244,2.95856388322197,2.35793484700045,12,3,33,6,27,225,3.70043971814109,2,5.08746284125034,2.8073549220576,4.8073549220576,7.82017896241519,141,162,178,138,159,172,131,155,172,131,153,170,139,162,147,171,192,24,28,30,32,278,7,14,18,2.64575131106459,1,0,43,29,23,31,37,14,13,13,22,26,19,89,86,87,79,65,65,0,0,0,0,0,0,0,0,0,2,4,0,0,0,43,0,0,24,10,41,16,53
"371190041",35.2401,-80.7856,1373866.49251,-300031.23165,"NC","Mecklenburg",13760,3.53096768157191,4.04575314759414,1,4.39794000867204,2.7979596437372,3.53058385964512,3.72090317081346,2.48855071650044,5259,0,0,0,0,27142,0,0,0,1050,3265,12725,51182,149530,0,0,0,13250,55648,89966,4551,102597,299482,3.65820225338701,5.01113889491391,5.6930045756725,-1,-0.0809219076239261,3.5649026725292,3.5649026725292,2.76715586608218,0,0,10,0,0,64,0,0,3.4594316186373,0,0,6.02236781302845,150,171,194,148,168,190,143,171,188,143,170,185,137,167,143,175,185,3,10,22,28,231,3,9,13,1.73205080756888,0,100,78,48,37,41,34,0,5,10,13,19,28,100,100,94,86,76,67,0,0,0,0,0,0,0,0,0,0,0,0,100,0,78,0,0,39,4,45,4,38
